FacilityID,FacilityName,ReportPeriod,VOCs,UnitsOfVOCs,TSP,UnitsOfTSP,SOx,UnitsOfSOx,NOx,UnitsOfNOx,Status
V8103263,臺東縣東河鄉金樽漁港,2017年第4季,0,公噸,0,公噸,0,公噸,0,公噸,完成核算
V75B2790,佑岩企業有限公司台東營業所,2017年第4季,0.157,公噸,0,公噸,0,公噸,0,公噸,完成核算
V75B2156,欣統食品行,2017年第4季,0,公噸,0,公噸,0.002,公噸,0.048,公噸,完成核算
V7506288,早點大王,2017年第4季,0,公噸,0,公噸,0.066,公噸,0.046,公噸,完成核算
V7506233,東之鄉洗衣有限公司,2017年第4季,0,公噸,0,公噸,0.57,公噸,0.395,公噸,完成核算
V7504962,葉堂鑫,2017年第4季,0,公噸,0,公噸,0,公噸,0,公噸,完成核算
V7503876,鴻進汽車有限公司,2017年第4季,0.14,公噸,0,公噸,0,公噸,0,公噸,完成核算
V7502244,金龍大旅社,2017年第4季,0,公噸,0,公噸,0.004,公噸,0.003,公噸,完成核算
V7501621,有豪企業有限公司,2017年第4季,0,公噸,0,公噸,0.011,公噸,0.276,公噸,完成核算
V7501425,國源汽車股份有限公司台東分公司,2017年第4季,0.224,公噸,0,公噸,0,公噸,0,公噸,完成核算
U9300718,衛生福利部玉里醫院-祥和院區,2017年第4季,0,公噸,0,公噸,0,公噸,0.045,公噸,完成核算
U0000100,衛生福利部玉里醫院-萬寧院區,2017年第4季,0,公噸,0,公噸,0,公噸,0.032,公噸,完成核算
T58A0372,台灣金布丹生物科技有限公司新園廠,2017年第4季,0,公噸,0,公噸,0,公噸,0,公噸,完成核算
T52A0718,眾宏實業有限公司,2017年第4季,0,公噸,3.792,公噸,0,公噸,0,公噸,完成申報
T5005157,高磊砂石行,2017年第4季,0,公噸,5.77,公噸,0,公噸,0,公噸,完成申報
S2804851,冰海生物科技有限公司,2017年第4季,0,公噸,0,公噸,0.019,公噸,0.013,公噸,完成核算
S2605330,馥妍生技實業社,2017年第4季,0.001,公噸,0,公噸,0,公噸,0,公噸,完成核算
S2603336,優能生技股份有限公司,2017年第4季,0.001,公噸,0,公噸,0,公噸,0,公噸,完成核算
S2602062,興岱化學工廠有限公司,2017年第4季,0,公噸,0,公噸,0,公噸,0,公噸,完成核算
S2601216,今泰企業股份有限公司,2017年第4季,0,公噸,0,公噸,0,公噸,0,公噸,完成核算
S2600139,台灣家美實業股份有限公司,2017年第4季,0,公噸,0,公噸,0,公噸,0.053,公噸,完成核算
S23A0144,竑榮實業股份有限公司高雄廠,2017年第4季,0,公噸,1.228,公噸,0,公噸,0,公噸,完成核算
S20A3965,勇宇實業股份有限公司,2017年第4季,0,公噸,0,公噸,0,公噸,0,公噸,完成核算
S20A2749,佳昇資源科技股份有限公司,2017年第4季,0,公噸,0,公噸,0,公噸,0,公噸,完成核算
S2095218,台灣住友培科股份有限公司,2017年第4季,2.932,公噸,0,公噸,0,公噸,0,公噸,完成核算
S2011525,錦麟實業股份有限公司,2017年第4季,0,公噸,0,公噸,0,公噸,0,公噸,完成核算
S2011507,正情塑膠有限公司,2017年第4季,0,公噸,0,公噸,0,公噸,0,公噸,完成核算
S2010297,城光食品股份有限公司,2017年第4季,0,公噸,0,公噸,0,公噸,0.034,公噸,完成核算
S2002115,京樺塑膠有限公司,2017年第4季,0.083,公噸,0,公噸,0,公噸,0,公噸,完成核算
S2001878,強冠企業股份有限公司,2017年第4季,0,公噸,0,公噸,0,公噸,0,公噸,完成核算
S2001832,耀台精密工業股份有限公司,2017年第4季,0.596,公噸,0,公噸,0,公噸,0,公噸,完成核算
S2001743,愛美愛塗料股份有限公司,2017年第4季,0.345,公噸,0,公噸,0,公噸,0,公噸,完成核算
S1701904,祥裕砂石股份有限公司,2017年第4季,0,公噸,0,公噸,0,公噸,0,公噸,完成核算
S1601025,劉先譜食品工業股份有限公司,2017年第4季,0,公噸,0,公噸,0.023,公噸,0.016,公噸,完成核算
S1600395,六和耐火工業股份有限公司,2017年第4季,0.002,公噸,0,公噸,0.19,公噸,0.132,公噸,完成核算
R8800836,康那香企業股份有限公司,2017年第4季,0.251,公噸,0,公噸,0,公噸,0,公噸,完成核算
R1411733,千彩絹印有限公司,2017年第4季,0.041,公噸,0,公噸,0,公噸,0,公噸,完成核算
R1405771,冠聚工業股份有限公司二廠,2017年第4季,0.207,公噸,0,公噸,0,公噸,0,公噸,完成核算
R1402252,瑞亨電鍍有限公司,2017年第4季,0,公噸,0,公噸,0,公噸,0,公噸,完成申報
R1104082,萬國通路股份有限公司,2017年第4季,1.411,公噸,0,公噸,0,公噸,0,公噸,完成核算
R1009028,山寶實業有限公司,2017年第4季,0.036,公噸,0,公噸,0,公噸,0,公噸,完成核算
R0305192,信宇科技股份有限公司,2017年第4季,0.613,公噸,0,公噸,0,公噸,0,公噸,完成核算
R0304328,台灣明尼蘇達光電股份有限公司,2017年第4季,0.56,公噸,0,公噸,0,公噸,0,公噸,完成核算
Q7701948,佳強興業有限公司,2017年第4季,0.568,公噸,0,公噸,0,公噸,0,公噸,完成核算
P5001531,順成油廠,2017年第4季,0.016,公噸,0,公噸,0.006,公噸,0.004,公噸,完成核算
P4901443,良泉企業醬油食品工廠,2017年第4季,0,公噸,0,公噸,0.028,公噸,0.02,公噸,完成核算
P4901416,林再銀豆皮廠,2017年第4季,0,公噸,0,公噸,0.001,公噸,0.061,公噸,完成核算
P4802052,英一食品有限公司,2017年第4季,0,公噸,0,公噸,0.143,公噸,0.108,公噸,完成核算
P46A4447,新光塑膠廠,2017年第4季,0.047,公噸,0,公噸,0,公噸,0,公噸,完成核算
P46A0049,法寶國際有限公司,2017年第4季,0,公噸,0,公噸,0,公噸,0,公噸,完成核算
P4600727,強鉅企業股份有限公司,2017年第4季,0.111,公噸,0,公噸,0,公噸,0,公噸,完成核算
O17A1382,祐邦科技股份有限公司,2017年第4季,0.095,公噸,0,公噸,0,公噸,0,公噸,完成核算
N29A2178,金億昇實業股份有限公司,2017年第4季,0.238,公噸,0,公噸,0,公噸,0,公噸,完成核算
N2805043,山暉實業股份有限公司,2017年第4季,0.332,公噸,0,公噸,0,公噸,0,公噸,完成核算
N2800351,大合實業股份有限公司,2017年第4季,0.031,公噸,0,公噸,0,公噸,0,公噸,完成核算
N2300301,華豐美術印刷廠,2017年第4季,0,公噸,0,公噸,0,公噸,0,公噸,完成核算
N21A0063,富麗科技股份有限公司,2017年第4季,0,公噸,0,公噸,0,公噸,0,公噸,完成核算
N2003987,安麗都汽車旅館有限公司,2017年第4季,0,公噸,0,公噸,0,公噸,0,公噸,完成核算
N1904092,泰琩金屬有限公司,2017年第4季,0,公噸,0,公噸,0,公噸,0,公噸,完成核算
N1708965,恆欣預拌混凝土有限公司,2017年第4季,0,公噸,2.918,公噸,0,公噸,0,公噸,完成申報
N09A1667,吉彰耐隆樹脂實業股份有限公司,2017年第4季,0.027,公噸,0,公噸,0,公噸,0,公噸,完成核算
N0805876,長泓膠業股份有限公司,2017年第4季,3.466,公噸,0,公噸,0,公噸,0,公噸,完成核算
L9803532,明大化學製藥股份有限公司,2017年第4季,0,公噸,0,公噸,0,公噸,0,公噸,完成核算
L9800620,宏記冷凍食品股份有限公司,2017年第4季,0,公噸,0,公噸,0,公噸,0.013,公噸,完成核算
L9800308,大成化學工業股份有限公司,2017年第4季,0.023,公噸,0,公噸,0,公噸,0,公噸,完成核算
L95A1766,展佑科技有限公司,2017年第4季,0,公噸,0,公噸,0,公噸,0,公噸,完成核算
L95A0164,大昱印刷股份有限公司二廠,2017年第4季,0.007,公噸,0,公噸,0,公噸,0,公噸,完成核算
L9501999,優記金屬工業有限公司,2017年第4季,0.05,公噸,0,公噸,0,公噸,0.029,公噸,完成核算
L9501748,先柏油漆廠有限公司,2017年第4季,0.03,公噸,0,公噸,0,公噸,0,公噸,完成核算
L9500536,華裕行股份有限公司,2017年第4季,0.185,公噸,0,公噸,0,公噸,0,公噸,完成核算
L9500456,大昱印刷股份有限公司一廠,2017年第4季,0.018,公噸,0,公噸,0,公噸,0,公噸,完成核算
L9405974,晶極光電科技股份有限公司,2017年第4季,0.13,公噸,0,公噸,0,公噸,0,公噸,完成核算
L9405894,佳鈤金屬股份有限公司,2017年第4季,0,公噸,0,公噸,0.334,公噸,0.229,公噸,完成核算
L9405750,健豐泡綿股份有限公司,2017年第4季,0.637,公噸,0,公噸,0,公噸,0,公噸,完成核算
L9405205,菱生精密工業股份有限公司五廠,2017年第4季,0.197,公噸,0,公噸,0,公噸,0,公噸,完成核算
L9405170,上靖光電股份有限公司,2017年第4季,0.01,公噸,0,公噸,0,公噸,0,公噸,完成核算
L9401887,宏英工業有限公司一廠,2017年第4季,0.112,公噸,0,公噸,0,公噸,0,公噸,完成核算
L9401805,徐浩凱企業股份有限公司,2017年第4季,0,公噸,0,公噸,0.013,公噸,0.009,公噸,完成核算
L9401038,台灣昭工股份有限公司,2017年第4季,0,公噸,0,公噸,0,公噸,0,公噸,完成核算
L93A0580,峰春實業股份有限公司二廠,2017年第4季,0,公噸,0,公噸,0,公噸,0,公噸,完成核算
L9304418,旭汶印刷廠有限公司,2017年第4季,0.021,公噸,0,公噸,0,公噸,0,公噸,完成核算
L9304392,代吉昌有限公司,2017年第4季,0,公噸,0,公噸,0,公噸,0,公噸,完成核算
L9302647,弘昕股份有限公司,2017年第4季,0.022,公噸,0,公噸,0,公噸,0,公噸,完成核算
L9302585,鋐新化工廠股份有限公司,2017年第4季,0.041,公噸,0,公噸,0.38,公噸,0.264,公噸,完成核算
L9302110,沅泰工業有限公司,2017年第4季,0,公噸,0,公噸,0.003,公噸,0.033,公噸,完成核算
L9301828,鎂光熱處理廠股份有限公司,2017年第4季,0.266,公噸,0,公噸,0.001,公噸,0.042,公噸,完成核算
L9301113,韋勝鋼管家具有限公司,2017年第4季,0,公噸,0,公噸,0.001,公噸,0.015,公噸,完成核算
L92A0634,力生斬板股份有限公司,2017年第4季,0,公噸,0,公噸,0.152,公噸,0.1,公噸,核算確認中
L9204815,德優鑄造股份有限公司,2017年第4季,0,公噸,0,公噸,0,公噸,0,公噸,完成核算
L9201369,琪泰工業股份有限公司,2017年第4季,0,公噸,0,公噸,0.163,公噸,0.188,公噸,完成核算
L9200611,誌揚木業有限公司,2017年第4季,0.002,公噸,0,公噸,0,公噸,0,公噸,完成核算
L9200344,三楓銘版印刷有限公司,2017年第4季,0.202,公噸,0,公噸,0,公噸,0.001,公噸,完成核算
L91A2051,大發管材工業股份有限公司中港分公司,2017年第4季,0.06,公噸,0,公噸,0,公噸,0,公噸,完成核算
L91A1320,台灣樂金化學股份有限公司台中分公司,2017年第4季,1.545,公噸,0,公噸,0.855,公噸,0.593,公噸,核算確認中
L9104712,詮立國際股份有限公司,2017年第4季,0.004,公噸,0,公噸,0,公噸,0,公噸,完成核算
L9100367,洪元記食品廠股份有限公司,2017年第4季,0,公噸,0,公噸,0.095,公噸,0.066,公噸,完成核算
L9000844,正金鞋業股份有限公司,2017年第4季,0.03,公噸,0,公噸,0,公噸,0,公噸,完成核算
L8901226,松豐實業股份有限公司,2017年第4季,0,公噸,0,公噸,0.095,公噸,0.066,公噸,完成核算
L8900792,鴻進畜牧場,2017年第4季,0,公噸,0,公噸,0,公噸,0,公噸,完成核算
L8807698,同泰電子科技股份有限公司,2017年第4季,0.057,公噸,0,公噸,0,公噸,0,公噸,完成核算
L8804937,友懋金屬股份有限公司,2017年第4季,0,公噸,0,公噸,0,公噸,0.381,公噸,完成核算
L8803243,興鼎工業股份有限公司,2017年第4季,0,公噸,0,公噸,0,公噸,0,公噸,完成核算
L8801650,侑芳企業股份有限公司,2017年第4季,0,公噸,0,公噸,0,公噸,0.034,公噸,完成核算
L8801025,金鼎鋼製傢俱工廠,2017年第4季,0,公噸,0,公噸,0,公噸,0.006,公噸,完成核算
L8800591,源永豐食品股份有限公司,2017年第4季,0,公噸,0,公噸,0,公噸,0.006,公噸,完成核算
L8800528,友迦工業股份有限公司日南廠,2017年第4季,0.491,公噸,0,公噸,0,公噸,0,公噸,完成核算
L86A0501,鴻鑫銘版有限公司,2017年第4季,0.003,公噸,0,公噸,0,公噸,0,公噸,完成核算
L86A0492,東隆印刷有限公司,2017年第4季,0,公噸,0,公噸,0,公噸,0,公噸,完成核算
L86A0462,志昇企業社,2017年第4季,0,公噸,0,公噸,0,公噸,0,公噸,完成核算
L86A0393,昶立印刷企業有限公司,2017年第4季,0.001,公噸,0,公噸,0,公噸,0,公噸,完成核算
L8616017,閎國興業股份有限公司,2017年第4季,0.002,公噸,0,公噸,0.003,公噸,0.002,公噸,完成核算
L8615734,元昱紙業有限公司,2017年第4季,0.089,公噸,0,公噸,0,公噸,0,公噸,完成核算
L8603672,德成製油加工廠,2017年第4季,0,公噸,0,公噸,0,公噸,0,公噸,完成核算
L8603574,大芳行食品廠,2017年第4季,0,公噸,0,公噸,0,公噸,0.008,公噸,完成核算
L8603467,喬麗實業有限公司,2017年第4季,0.062,公噸,0,公噸,0,公噸,0,公噸,完成核算
L8601829,山榮木業股份有限公司二廠,2017年第4季,0,公噸,0,公噸,0.001,公噸,0.019,公噸,完成核算
L8601632,谷穎工業有限公司,2017年第4季,0.152,公噸,0,公噸,0,公噸,0,公噸,完成核算
L8601196,華一印刷行,2017年第4季,0,公噸,0,公噸,0,公噸,0,公噸,完成核算
L8600920,士益工業有限公司,2017年第4季,0.021,公噸,0,公噸,0.132,公噸,0.097,公噸,完成核算
L8600840,勝記大榮行食品工廠,2017年第4季,0,公噸,0,公噸,0.005,公噸,0.003,公噸,完成核算
L8600653,嘉益鋁業股份有限公司,2017年第4季,0,公噸,0,公噸,0.039,公噸,0.027,公噸,完成核算
L0600115,梨山賓館股份有限公司梨山分公司,2017年第4季,0,公噸,0,公噸,0.002,公噸,0.03,公噸,完成核算
L05A4289,威利視覺設計印刷有限公司,2017年第4季,0.007,公噸,0,公噸,0,公噸,0,公噸,完成核算
L05A1265,安那柏格股份有限公司大里廠,2017年第4季,0,公噸,0,公噸,0,公噸,0,公噸,完成核算
L0507691,天保工業股份有限公司,2017年第4季,0.141,公噸,0,公噸,0.002,公噸,0.021,公噸,完成核算
L0504510,興展企業有限公司,2017年第4季,0.021,公噸,0,公噸,0,公噸,0,公噸,完成核算
L0502865,伍強金屬工業股份有限公司,2017年第4季,0.311,公噸,0,公噸,0.001,公噸,0.009,公噸,完成核算
L0502212,正佑股份有限公司,2017年第4季,0.374,公噸,0,公噸,0,公噸,0,公噸,完成核算
L0502187,詠成股份有限公司,2017年第4季,0.023,公噸,0,公噸,0.475,公噸,0.329,公噸,完成核算
L0501788,仟昇工業股份有限公司,2017年第4季,0,公噸,0,公噸,0,公噸,0,公噸,完成核算
L0500441,盟興實業股份有限公司,2017年第4季,0.02,公噸,0,公噸,0,公噸,0,公噸,完成核算
L04A0321,協昌印刷廠,2017年第4季,0,公噸,0,公噸,0,公噸,0,公噸,完成核算
L0411985,同福沛特有限公司,2017年第4季,0.32,公噸,0,公噸,0,公噸,0,公噸,完成核算
L0401845,大漢電鍍工業(股)有限公司,2017年第4季,0.31,公噸,0,公噸,0,公噸,0,公噸,完成核算
L0401443,詠鉦熱處理股份有限公司,2017年第4季,0.006,公噸,0,公噸,0,公噸,0,公噸,完成核算
L0401354,寰宇工具股份有限公司,2017年第4季,0.033,公噸,0,公噸,0,公噸,0,公噸,完成核算
L0401130,景大行,2017年第4季,0,公噸,0,公噸,0,公噸,0,公噸,完成核算
L03A1710,富宥銘版股份有限公司,2017年第4季,0.394,公噸,0,公噸,0,公噸,0,公噸,完成核算
L0301082,貴群實業股份有限公司,2017年第4季,0.234,公噸,0,公噸,0.285,公噸,0.227,公噸,完成核算
L0300389,華豐印刷行,2017年第4季,0,公噸,0,公噸,0,公噸,0,公噸,完成核算
L02A2545,金銅山科技業有限公司,2017年第4季,0,公噸,0,公噸,0,公噸,0,公噸,完成核算
L0205834,嘉祥塑膠工廠,2017年第4季,1.058,公噸,0,公噸,0,公噸,0,公噸,完成核算
L0205807,甲震企業股份有限公司,2017年第4季,0.258,公噸,0,公噸,0,公噸,0,公噸,完成核算
L0205325,喬瓏企業股份有限公司,2017年第4季,0.271,公噸,0,公噸,0,公噸,0,公噸,完成核算
L0200919,千億興金屬股份有限公司,2017年第4季,0,公噸,0,公噸,0.014,公噸,0.011,公噸,完成核算
L01A0089,協榮印刷廠,2017年第4季,0.007,公噸,0,公噸,0,公噸,0,公噸,完成核算
L01A0079,台觀企業有限公司,2017年第4季,0.012,公噸,0,公噸,0,公噸,0,公噸,完成核算
L0190016,源錩塑膠工廠,2017年第4季,0.289,公噸,0,公噸,0,公噸,0,公噸,完成核算
L0102794,美麗華皮件工業股份有限公司,2017年第4季,0.118,公噸,0,公噸,0,公噸,0,公噸,完成核算
L0101126,鑫綠泰鑄造廠股份有限公司,2017年第4季,0.155,公噸,0,公噸,0.006,公噸,0.031,公噸,完成核算
L00A1101,至合體育用品有限公司,2017年第4季,0,公噸,0,公噸,0.114,公噸,0.079,公噸,完成核算
L0000400,歌美時企業股份有限公司,2017年第4季,0,公噸,0,公噸,0.095,公噸,0.066,公噸,完成核算
J6300495,微相科技股份有限公司一廠,2017年第4季,0.253,公噸,0,公噸,0,公噸,0,公噸,完成核算
J61A4941,復揚科技股份有限公司新豐廠,2017年第4季,0.326,公噸,0,公噸,0,公噸,0,公噸,完成核算
J5904051,寶坤化學工業股份有限公司,2017年第4季,0,公噸,0,公噸,0,公噸,0,公噸,完成核算
J55B3837,億力鑫系統科技股份有限公司,2017年第4季,0.017,公噸,0,公噸,0,公噸,0,公噸,完成核算
H51A9855,福爾銘股份有限公司平鎮廠,2017年第4季,0,公噸,0,公噸,0,公噸,0,公噸,完成核算
H5100532,東明彩印紙器有限公司,2017年第4季,0.001,公噸,0,公噸,0,公噸,0,公噸,完成核算
H50B1467,凱虹汽車旅館有限公司,2017年第4季,0,公噸,0,公噸,0,公噸,0.013,公噸,完成核算
H5009665,嘉騰國際科技股份有限公司,2017年第4季,0.012,公噸,0,公噸,0,公噸,0,公噸,完成核算
H5007205,詠吉彩藝工業股份有限公司龍潭廠,2017年第4季,9.439,公噸,0,公噸,0,公噸,0,公噸,完成核算
H5001687,世通國際光電股份有限公司龍潭廠,2017年第4季,0.302,公噸,0,公噸,0,公噸,0,公噸,完成核算
H49B3454,雞大王股份有限公司,2017年第4季,0,公噸,0,公噸,0.612,公噸,0.424,公噸,完成核算
H48B0158,林嘉畜牧場,2017年第4季,0,公噸,0,公噸,0,公噸,0.002,公噸,完成核算
H4806624,憲兵205指揮部,2017年第4季,0,公噸,0,公噸,0,公噸,0.01,公噸,完成核算
H4805967,勝鋒企業股份有限公司,2017年第4季,0,公噸,0,公噸,0,公噸,0,公噸,完成核算
H4802028,雙葉食品股份有限公司,2017年第4季,0,公噸,0,公噸,0.066,公噸,0.051,公噸,完成核算
H4801736,啟利實業股份有限公司,2017年第4季,0,公噸,0,公噸,0,公噸,0,公噸,完成核算
H47B1002,優雅食股份有限公司,2017年第4季,0,公噸,0,公噸,0.02,公噸,0.248,公噸,完成核算
H4704278,居善醫院,2017年第4季,0,公噸,0,公噸,0,公噸,0.003,公噸,完成核算
H4695336,中環股份有限公司大竹廠,2017年第4季,0.798,公噸,0,公噸,0,公噸,0,公噸,完成核算
H4640386,照敏企業股份有限公司,2017年第4季,0.05,公噸,0,公噸,0,公噸,0,公噸,完成核算
H4604406,創富科技股份有限公司,2017年第4季,0.489,公噸,0,公噸,0,公噸,0,公噸,完成核算
H4600962,樺安電子股份有限公司,2017年第4季,0,公噸,0,公噸,0,公噸,0,公噸,完成核算
H45B4987,旭申國際科技股份有限公司一廠,2017年第4季,0.06,公噸,0,公噸,0,公噸,0,公噸,完成核算
H45B3434,金全興國際企業有限公司,2017年第4季,0,公噸,0,公噸,0.002,公噸,0.001,公噸,完成核算
H4502121,台灣明尼蘇達礦業製造股份有限公司楊梅廠,2017年第4季,27.949,公噸,0.491,公噸,1.842,公噸,3.816,公噸,完成核算
H43B6290,宏揚環保工程有限公司,2017年第4季,0.019,公噸,0,公噸,0,公噸,0,公噸,完成核算
H4306843,僑力化工股份有限公司中壢廠,2017年第4季,0,公噸,0,公噸,0,公噸,0.041,公噸,完成核算
H4209732,敏盛綜合醫院,2017年第4季,0,公噸,0,公噸,0,公噸,0.066,公噸,完成核算
F15A6116,三美富企業有限公司,2017年第4季,0.64,公噸,0,公噸,0,公噸,0,公噸,完成核算
F15A5990,圭億企業社,2017年第4季,0.18,公噸,0,公噸,0.001,公噸,0.012,公噸,完成核算
F1511355,筑紡實業有限公司,2017年第4季,0,公噸,0,公噸,0.76,公噸,0.527,公噸,完成核算
F1502187,寶利興實業有限公司,2017年第4季,0.004,公噸,0,公噸,1.531,公噸,2.763,公噸,核算確認中
F1310616,明輝化工實業有限公司,2017年第4季,0.192,公噸,0,公噸,0,公噸,0,公噸,完成核算
F11A4665,帛宏興業股份有限公司,2017年第4季,0.013,公噸,0,公噸,0,公噸,0,公噸,完成核算
F0702307,茂彥畜牧養豬場,2017年第4季,0,公噸,0,公噸,0.001,公噸,0.023,公噸,完成核算
F06A4121,藝光橡膠有限公司,2017年第4季,0.019,公噸,0,公噸,0,公噸,0,公噸,完成核算
F0606739,向隆興業股份有限公司,2017年第4季,0.107,公噸,0,公噸,0,公噸,0,公噸,完成核算
F04A9250,虹雲上光股份有限公司,2017年第4季,0.866,公噸,0,公噸,0,公噸,0,公噸,完成核算
F04A2947,福霖印刷企業有限公司,2017年第4季,0.869,公噸,0,公噸,0,公噸,0,公噸,完成核算
F0403130,生宇企業股份有限公司一廠,2017年第4季,0.168,公噸,0,公噸,0,公噸,0,公噸,完成核算
F0202008,順世企業有限公司,2017年第4季,0.35,公噸,0,公噸,0,公噸,0,公噸,完成核算
E56B1498,環球橡膠股份有限公司小港廠,2017年第4季,7.798,公噸,0.023,公噸,0.254,公噸,0.767,公噸,核算確認中
E56A6431,中工機械股份有限公司(高雄港洲際二期預拌廠),2017年第4季,0,公噸,0,公噸,0,公噸,0,公噸,完成核算
E56A1481,香堤晶典旅館,2017年第4季,0,公噸,0,公噸,0,公噸,0.001,公噸,完成核算
E5602309,隆洋遊艇工業股份有限公司,2017年第4季,1.145,公噸,0,公噸,0,公噸,0,公噸,完成申報
E54A7627,台灣中油股份有限公司前鎮堆置場,2017年第4季,0,公噸,2.037,公噸,0,公噸,0,公噸,完成核算
E54A6223,光量生技股份有限公司,2017年第4季,0,公噸,0,公噸,0,公噸,0,公噸,完成核算
E5408758,茵歌莉化粧品有限公司,2017年第4季,0,公噸,0,公噸,0,公噸,0,公噸,完成核算
E5408730,波特嫚國際生物科技有限公司,2017年第4季,0.007,公噸,0,公噸,0,公噸,0,公噸,完成核算
E5400207,台灣日電產三協股份有限公司,2017年第4季,0.6,公噸,0,公噸,0,公噸,0,公噸,完成核算
E5302000,三多玫瑰旅店,2017年第4季,0,公噸,0,公噸,0,公噸,0,公噸,完成核算
E5301987,歌德旅館有限公司,2017年第4季,0,公噸,0,公噸,0,公噸,0,公噸,完成核算
E5301923,林森會館,2017年第4季,0,公噸,0,公噸,0,公噸,0,公噸,完成核算
E5100917,黃帝大飯店股份有限公司(改名黑鮪魚大飯店),2017年第4季,0,公噸,0,公噸,0,公噸,0,公噸,完成核算
E5100873,大益大飯店有限公司,2017年第4季,0,公噸,0,公噸,0,公噸,0,公噸,完成核算
E5003824,高大牧場營業所,2017年第4季,0,公噸,0,公噸,0,公噸,0.046,公噸,完成核算
E5003655,佳宏旅館股份有限公司,2017年第4季,0,公噸,0,公噸,0,公噸,0,公噸,完成核算
E5003360,順昌麥芽膏廠,2017年第4季,0,公噸,0,公噸,0.086,公噸,0.059,公噸,完成核算
E5003253,瑞明鐵工廠,2017年第4季,0.004,公噸,0,公噸,0.017,公噸,0.012,公噸,完成核算
E5000743,明正鐵工廠有限公司,2017年第4季,0.004,公噸,0,公噸,0.09,公噸,0.064,公噸,完成核算
E49A0632,嘉威光電股份有限公司,2017年第4季,0,公噸,0,公噸,0,公噸,0,公噸,完成核算
E4901107,台灣愛光塑膠股份有限公司,2017年第4季,13.92,公噸,0,公噸,0,公噸,0,公噸,完成核算
E4900324,高楠紙業股份有限公司,2017年第4季,0,公噸,0,公噸,0,公噸,0,公噸,完成核算
E4800972,星光汽車旅館有限公司,2017年第4季,0,公噸,0,公噸,0,公噸,0.003,公噸,完成核算
E4800365,高雄市政府工務局養護工程處拌合場,2017年第4季,0.001,公噸,0,公噸,0,公噸,0,公噸,完成核算
E3401000,興臺實業股份有限公司,2017年第4季,0,公噸,0,公噸,0,公噸,0,公噸,完成核算
E2200750,葳龍貿易有限公司,2017年第4季,0.001,公噸,0,公噸,0,公噸,0,公噸,完成核算
E20A2764,金倫旅館實業有限公司,2017年第4季,0,公噸,0,公噸,0,公噸,0,公噸,完成核算
E20A2665,君耀電子股份有限公司高雄分公司,2017年第4季,0.006,公噸,0,公噸,0,公噸,0.003,公噸,完成核算
E1901481,大溪砂石行,2017年第4季,0,公噸,6.75,公噸,0,公噸,0,公噸,完成申報
E1900411,玖鼎金屬工業有限公司,2017年第4季,0.022,公噸,0,公噸,0.095,公噸,0.066,公噸,完成核算
E1604709,朝宇航太科技股份有限公司二廠,2017年第4季,0.317,公噸,0,公噸,0,公噸,0,公噸,完成核算
D9001127,台灣日立化成電子材料股份有限公司,2017年第4季,0,公噸,0,公噸,0,公噸,0,公噸,完成核算
D8601534,儷泉特色民宿,2017年第4季,0,公噸,0,公噸,0.028,公噸,0.02,公噸,完成核算
D8601525,溪畔老樹山莊,2017年第4季,0,公噸,0,公噸,0,公噸,0,公噸,完成核算
D32B4065,展立光學股份有限公司,2017年第4季,0.347,公噸,0,公噸,0,公噸,0,公噸,完成核算
D32A6668,士峰科技股份有限公司,2017年第4季,0,公噸,0,公噸,0,公噸,0,公噸,完成核算
D3206815,美都化粧品股份有限公司,2017年第4季,0.001,公噸,0,公噸,0,公噸,0,公噸,完成核算
D28A3165,華霖塑膠實業股份有限公司,2017年第4季,0.047,公噸,0,公噸,0,公噸,0,公噸,完成核算
D2809232,環球水泥股份有限公司台南預拌混凝土場,2017年第4季,0,公噸,0.899,公噸,0,公噸,0,公噸,完成核算
D2804942,閏江企業股份有限公司,2017年第4季,0,公噸,0,公噸,0,公噸,0,公噸,完成核算
D2802706,神一實業股份有限公司,2017年第4季,0,公噸,0,公噸,0,公噸,0,公噸,完成核算
D1102949,漢哲企業社,2017年第4季,1.08,公噸,0,公噸,0,公噸,0,公噸,完成核算
D1007421,金昺企業股份有限公司,2017年第4季,0.014,公噸,0,公噸,0,公噸,0,公噸,完成核算
D1006988,振發實業工廠,2017年第4季,0.015,公噸,0,公噸,0,公噸,0,公噸,完成核算
D1004975,立富鑫股份有限公司,2017年第4季,0,公噸,0.606,公噸,0,公噸,0,公噸,完成核算
D0302945,宏昇生化科技股份有限公司南科一廠,2017年第4季,0,公噸,0,公噸,0,公噸,0,公噸,完成核算
D0301788,儕陞生化技術股份有限公司藥廠,2017年第4季,0,公噸,0,公噸,0,公噸,0,公噸,完成核算
B9800937,旺溢企業有限公司,2017年第4季,0,公噸,0,公噸,0,公噸,0.005,公噸,完成核算
B9800795,良欣氣體股份有限公司,2017年第4季,0,公噸,0,公噸,0,公噸,0,公噸,完成核算
B9800615,正旺碾米工廠有限公司,2017年第4季,0,公噸,0,公噸,0,公噸,0,公噸,完成核算
B9800277,智邦材料股份有限公司,2017年第4季,0.979,公噸,0,公噸,0,公噸,0,公噸,完成核算
B9502829,綠茵生技股份有限公司,2017年第4季,0,公噸,0,公噸,0,公噸,0,公噸,完成核算
B9502678,萬豪工業有限公司,2017年第4季,0,公噸,0,公噸,0,公噸,0,公噸,完成核算
B9500978,優貝克材料股份有限公司,2017年第4季,0.92,公噸,0,公噸,0,公噸,0,公噸,完成核算
B9500852,台鵝食品企業有限公司,2017年第4季,0,公噸,0,公噸,0,公噸,0.014,公噸,完成核算
B9500665,慶暘有限公司,2017年第4季,1.074,公噸,0,公噸,0,公噸,0,公噸,完成核算
B9403849,貿多實業有限公司,2017年第4季,0.011,公噸,0,公噸,0,公噸,0,公噸,完成核算
B9403134,琦仲企業有限公司,2017年第4季,0.692,公噸,0,公噸,0,公噸,0,公噸,完成核算
B9401149,伯特光電股份有限公司區北廠,2017年第4季,2.915,公噸,0,公噸,0,公噸,0,公噸,完成核算
B9302365,程祥有限公司,2017年第4季,0.01,公噸,0,公噸,0,公噸,0,公噸,完成核算
B9301886,順翔嘉企業社,2017年第4季,0.036,公噸,0,公噸,0,公噸,0,公噸,完成核算
B9301304,華美軒企業有限公司二廠,2017年第4季,0,公噸,0,公噸,0.724,公噸,1.058,公噸,完成核算
B9301117,欣泉光印股份有限公司,2017年第4季,0.035,公噸,0,公噸,0,公噸,0,公噸,完成核算
B9300781,弘吉企業社,2017年第4季,0.003,公噸,0,公噸,0,公噸,0.005,公噸,完成核算
B9203107,僑芳賓館,2017年第4季,0,公噸,0,公噸,0,公噸,0,公噸,完成核算
B9202351,銅翌機械有限公司,2017年第4季,0.163,公噸,0,公噸,0,公噸,0,公噸,完成核算
B9201461,日紳食品有限公司,2017年第4季,0,公噸,0,公噸,0.078,公噸,0.076,公噸,完成核算
B9100496,翔富裕股份有限公司,2017年第4季,0.083,公噸,0,公噸,0,公噸,0,公噸,完成核算
B9003250,嘉祥美術印刷有限公司,2017年第4季,0.201,公噸,0,公噸,0,公噸,0,公噸,完成核算
B9001470,協竑工業社,2017年第4季,0.002,公噸,0,公噸,0,公噸,0,公噸,完成核算
B8903804,禾壹塑膠製品廠,2017年第4季,0.013,公噸,0,公噸,0,公噸,0,公噸,完成核算
B8903797,志森塑膠複合材料有限公司,2017年第4季,0.17,公噸,0,公噸,0,公噸,0,公噸,完成核算
B8900910,宏榮塑膠織造廠股份有限公司,2017年第4季,0.071,公噸,0,公噸,0,公噸,0,公噸,完成核算
B8900885,采鴻明鏡股份有限公司,2017年第4季,0,公噸,0,公噸,0,公噸,0,公噸,完成核算
B8803336,茂華展業有限公司大甲分公司,2017年第4季,0,公噸,0,公噸,0,公噸,0.002,公噸,完成核算
B8800424,臺中市生命禮儀管所(大甲火化場),2017年第4季,0,公噸,0,公噸,0.001,公噸,0.144,公噸,完成核算
B8800184,美商瑞盟亞洲股份有限公司台灣分公司,2017年第4季,0.424,公噸,0,公噸,0,公噸,0,公噸,完成核算
B8700858,宏毅興業股份有限公司,2017年第4季,0.698,公噸,0,公噸,0,公噸,0,公噸,完成核算
B8606300,名仁國際股份有限公司豐原廠,2017年第4季,0.059,公噸,0,公噸,0,公噸,0,公噸,完成核算
B8606293,佳得塑膠工廠,2017年第4季,0.004,公噸,0,公噸,0,公噸,0,公噸,完成核算
B8606284,順發興業股份有限公司,2017年第4季,0.015,公噸,0,公噸,0,公噸,0,公噸,完成核算
B8605107,華盛林股份有限公司,2017年第4季,0.017,公噸,0,公噸,0,公噸,0,公噸,完成核算
B8604977,淇霖有限公司,2017年第4季,0,公噸,0,公噸,0,公噸,0,公噸,完成核算
B8603890,利達塑膠廠,2017年第4季,0.008,公噸,0,公噸,0,公噸,0,公噸,完成核算
B8603881,仟百合工業社,2017年第4季,0.014,公噸,0,公噸,0,公噸,0,公噸,完成核算
B8603694,藝昌實業股份有限公司,2017年第4季,0.009,公噸,0,公噸,0,公噸,0,公噸,完成核算
B8603685,勝裕砂布有限公司,2017年第4季,0.045,公噸,0,公噸,0,公噸,0,公噸,完成核算
B25B7618,好勝地汽車旅館,2017年第4季,0,公噸,0,公噸,0,公噸,0.004,公噸,完成核算
B25B6353,衣博士企業股份有限公司,2017年第4季,0.78,公噸,0,公噸,0,公噸,0.014,公噸,完成核算
B25A0536,宏隆藝術印刷廠,2017年第4季,0.07,公噸,0,公噸,0,公噸,0,公噸,完成核算
B24B7891,台灣維順工業股份有限公司,2017年第4季,0.005,公噸,0,公噸,0,公噸,0,公噸,完成核算
B24B1685,泰新系統科技股份有限公司,2017年第4季,0,公噸,0,公噸,0,公噸,0.003,公噸,完成核算
B24A8109,白馬製造股份有限公司,2017年第4季,0.001,公噸,0,公噸,0,公噸,0,公噸,完成核算
B24A8080,華暐應用材料股份有限公司,2017年第4季,0,公噸,0,公噸,0,公噸,0,公噸,完成核算
B24A7963,代奇商號實業有限公司,2017年第4季,0.033,公噸,0,公噸,0,公噸,0,公噸,完成核算
B24A7913,蓁和塑膠工業(股)公司,2017年第4季,0.028,公噸,0,公噸,0,公噸,0,公噸,完成核算
B24A1054,美食達人股份有限公司,2017年第4季,0,公噸,0,公噸,0,公噸,0.052,公噸,完成核算
B24A0284,永記美術印刷廠,2017年第4季,0,公噸,0,公噸,0,公噸,0,公噸,完成核算
B2408917,環隆科技股份有限公司二廠,2017年第4季,0.966,公噸,0,公噸,0,公噸,0,公噸,完成核算
B2407992,映興電子股份有限公司,2017年第4季,0.397,公噸,0,公噸,0,公噸,0,公噸,完成核算
B2407732,森宙工業股份有限公司,2017年第4季,0.236,公噸,0,公噸,0.47,公噸,0.319,公噸,完成核算
B2402666,忠光熱處理有限公司,2017年第4季,0.052,公噸,0,公噸,0.001,公噸,0.007,公噸,完成核算
B2401721,協倫精機股份有限公司,2017年第4季,0,公噸,0,公噸,0.001,公噸,0.013,公噸,完成核算
B2401418,勝傑工業股份有限公司,2017年第4季,0,公噸,0,公噸,0,公噸,0,公噸,完成核算
B2401374,衛達化學製藥股份有限公司,2017年第4季,0,公噸,0,公噸,0,公噸,0.018,公噸,完成核算
B2400920,政興造漆工業有限公司,2017年第4季,0,公噸,0,公噸,0,公噸,0,公噸,完成核算
B2400733,台灣旭華塑膠股份有限公司,2017年第4季,0,公噸,0,公噸,0,公噸,0,公噸,完成核算
B23C0778,璽朵汽車旅館,2017年第4季,0,公噸,0,公噸,0,公噸,0.009,公噸,完成核算
B23B2747,龍嶔工業股份有限公司,2017年第4季,0.002,公噸,0,公噸,0,公噸,0,公噸,完成核算
B23A9994,達爾文印刷科技有限公司,2017年第4季,0.575,公噸,0,公噸,0,公噸,0,公噸,完成核算
B23A9984,新通展印刷有限公司,2017年第4季,0.013,公噸,0,公噸,0,公噸,0,公噸,完成核算
B23A6762,信元製藥股份有限公司,2017年第4季,0.02,公噸,0,公噸,0,公噸,0.002,公噸,完成核算
B23A5734,兆謙事業有限公司,2017年第4季,0.004,公噸,0,公噸,0,公噸,0,公噸,完成核算
B23A5289,士禾企業股份有限公司,2017年第4季,0.017,公噸,0,公噸,0,公噸,0,公噸,完成核算
B23A4706,晶遠光學工程股份有限公司,2017年第4季,0.002,公噸,0,公噸,0,公噸,0,公噸,完成核算
B23A0774,匡偉印刷有限公司,2017年第4季,0.3,公噸,0,公噸,0,公噸,0,公噸,完成核算
B23A0695,安輝上光廠,2017年第4季,0.9,公噸,0,公噸,0,公噸,0.001,公噸,完成核算
B2312854,威山複材科技工業股份有限公司,2017年第4季,0.001,公噸,0,公噸,0,公噸,0,公噸,完成核算
B2306338,國倫銘板工業有限公司,2017年第4季,0.016,公噸,0,公噸,0,公噸,0,公噸,完成核算
B2304665,楷林藝彩企業有限公司台中廠,2017年第4季,0.355,公噸,0,公噸,0,公噸,0,公噸,完成核算
B2304647,嘉敏包裝專業股份有限公司,2017年第4季,0.026,公噸,0,公噸,0,公噸,0,公噸,完成核算
B2304138,蔡國鑫工業區原料有限公司,2017年第4季,0.014,公噸,0,公噸,0,公噸,0,公噸,完成核算
B2304067,元隆農產食品行,2017年第4季,0,公噸,0,公噸,0,公噸,0,公噸,完成核算
B2303800,豐昱國際股份有限公司,2017年第4季,0,公噸,0,公噸,0,公噸,0.271,公噸,完成核算
B2302652,中華賓士汽車股份有限公司,2017年第4季,0.048,公噸,0,公噸,0,公噸,0.026,公噸,完成核算
B2301539,鑫憶工業有限公司,2017年第4季,0.031,公噸,0,公噸,0,公噸,0,公噸,完成核算
B2300121,上賓印刷紙業有限公司,2017年第4季,0.015,公噸,0,公噸,0,公噸,0,公噸,完成核算
B22A5472,富山塑膠廠,2017年第4季,0.033,公噸,0,公噸,0,公噸,0,公噸,完成核算
B22A5383,振興塑膠廠,2017年第4季,0,公噸,0,公噸,0,公噸,0,公噸,完成核算
B22A4701,國裕印刷廠,2017年第4季,0.01,公噸,0,公噸,0,公噸,0,公噸,完成核算
B22A0531,進卿美術印刷廠,2017年第4季,0.015,公噸,0,公噸,0,公噸,0,公噸,完成核算
B2201472,通豪大飯店股份有限公司,2017年第4季,0,公噸,0,公噸,0,公噸,0.015,公噸,完成核算
B21A4390,克美快速印刷有限公司,2017年第4季,0.002,公噸,0,公噸,0,公噸,0,公噸,完成核算
B21A3233,燕京印刷廠有限公司,2017年第4季,0.005,公噸,0,公噸,0,公噸,0,公噸,完成核算
B21A0229,錦隆印刷廠股份有限公司,2017年第4季,0,公噸,0,公噸,0,公噸,0,公噸,完成核算
B2100185,正豐藝術印刷股份有限公司,2017年第4季,0.166,公噸,0,公噸,0,公噸,0,公噸,完成核算
B20A0412,僑倫彩色製版有限公司,2017年第4季,0.066,公噸,0,公噸,0,公噸,0,公噸,完成核算
B20A0303,尚新特殊印刷廠,2017年第4季,0.003,公噸,0,公噸,0,公噸,0,公噸,完成核算
B2001856,興岦塑膠股份有限公司,2017年第4季,0,公噸,0,公噸,0,公噸,0,公噸,完成核算
B19A4792,社團法人中華民國軍人之友社台中市軍人服務站,2017年第4季,0,公噸,0,公噸,0,公噸,0.13,公噸,完成核算
B19A3091,廣源裕實業有限公司,2017年第4季,0.044,公噸,0,公噸,0,公噸,0,公噸,完成核算
B19A2934,鋐偉塑膠有限公司,2017年第4季,0.009,公噸,0,公噸,0,公噸,0,公噸,完成核算
B19A2904,帝元股份有限公司二廠,2017年第4季,0.014,公噸,0,公噸,0,公噸,0,公噸,完成核算
B19A2895,中連塑膠有限公司,2017年第4季,0.001,公噸,0,公噸,0,公噸,0,公噸,完成核算
B19A0215,穎弘文具印刷有限公司,2017年第4季,0,公噸,0,公噸,0,公噸,0,公噸,完成核算
B19A0205,瑞明印刷廠,2017年第4季,0,公噸,0,公噸,0,公噸,0,公噸,完成核算
B1902363,建成食品工廠,2017年第4季,0,公噸,0,公噸,0,公噸,0.001,公噸,完成核算
B1902327,國裕鑄造廠,2017年第4季,0,公噸,0,公噸,0.035,公噸,0.024,公噸,完成核算
B1901759,大童機械股份有限公司,2017年第4季,0,公噸,0,公噸,0.019,公噸,0.015,公噸,完成核算
B1900332,森輝彩色印刷有限公司,2017年第4季,0.013,公噸,0,公噸,0,公噸,0,公噸,完成核算
B1900305,富久凸版印刷廠有限公司,2017年第4季,0,公噸,0,公噸,0,公噸,0,公噸,完成核算
B1900047,大東紡織股份有限公司,2017年第4季,0,公噸,0,公噸,0,公噸,0,公噸,完成核算
B0600208,黎都大旅社,2017年第4季,0,公噸,0,公噸,0,公噸,0.001,公噸,完成核算
B0600146,儷野大飯店,2017年第4季,0,公噸,0,公噸,0.001,公噸,0.118,公噸,完成核算
B0508227,聯誠彩色文化實業有限公司,2017年第4季,0.011,公噸,0,公噸,0,公噸,0,公噸,完成核算
B0508218,銘安科技股份有限公司,2017年第4季,0.347,公噸,0,公噸,0,公噸,0,公噸,完成核算
B0508110,合泰金屬有限公司,2017年第4季,0.298,公噸,0,公噸,0,公噸,0,公噸,完成核算
B0505299,伍晟機械股份有限公司,2017年第4季,0.092,公噸,0,公噸,0,公噸,0,公噸,完成核算
B0504998,冠臻工業有限公司,2017年第4季,0.035,公噸,0,公噸,0,公噸,0,公噸,完成核算
B0504201,生旺工業社,2017年第4季,0.016,公噸,0,公噸,0,公噸,0,公噸,完成核算
B0504194,直綠春實業股份有限公司分廠,2017年第4季,0.005,公噸,0,公噸,0,公噸,0,公噸,完成核算
B0504185,誠鑫股份有限公司,2017年第4季,0.043,公噸,0,公噸,0,公噸,0,公噸,完成核算
B0503875,千富塑膠廠股份有限公司,2017年第4季,0.194,公噸,0,公噸,0,公噸,0,公噸,完成核算
B0503133,立富工程行,2017年第4季,0.054,公噸,0,公噸,0,公噸,0,公噸,完成核算
B0502976,上毅工業社,2017年第4季,0,公噸,0,公噸,0,公噸,0,公噸,完成核算
B0501906,錦億網版有限公司,2017年第4季,0.218,公噸,0,公噸,0,公噸,0,公噸,完成核算
B0501862,隆成印刷有限公司,2017年第4季,0.033,公噸,0,公噸,0,公噸,0,公噸,完成核算
B0501808,慶豐印刷廠,2017年第4季,0,公噸,0,公噸,0,公噸,0,公噸,完成核算
B0501782,銓美貼標廠,2017年第4季,0.06,公噸,0,公噸,0,公噸,0,公噸,完成核算
B0500623,泰冠塑膠股份有限公司,2017年第4季,0.272,公噸,0,公噸,0,公噸,0,公噸,完成核算
B0500598,新宏工業股份有限公司,2017年第4季,0,公噸,0,公噸,0,公噸,0,公噸,完成核算
B0500589,邁鈞機械工業股份有限公司,2017年第4季,0.051,公噸,0,公噸,0,公噸,0,公噸,完成核算
B0405721,寵兒安樂園,2017年第4季,0,公噸,0,公噸,0,公噸,0.004,公噸,完成核算
B0404822,台灣酒國至尚開發股份有限公司,2017年第4季,0,公噸,0,公噸,0,公噸,0,公噸,完成核算
B0402917,泰昌工業社,2017年第4季,0,公噸,0,公噸,0,公噸,0,公噸,完成核算
B0401867,明佳美有限公司,2017年第4季,0.07,公噸,0,公噸,0,公噸,0,公噸,完成核算
B0400708,辰鴻機械廠有限公司,2017年第4季,0.055,公噸,0,公噸,0,公噸,0,公噸,完成核算
B0301102,鍇興工業股份有限公司,2017年第4季,0.068,公噸,0,公噸,0,公噸,0,公噸,完成核算
B0300025,伍輝金屬工業股份有限公司霧峰廠,2017年第4季,0.231,公噸,0,公噸,0.003,公噸,0.034,公噸,完成核算
B0204457,鑫富工業社,2017年第4季,0.022,公噸,0,公噸,0,公噸,0,公噸,完成核算
B0100918,康慈寵物樂園,2017年第4季,0,公噸,0,公噸,0,公噸,0,公噸,完成核算
B0100669,霖慶顏料行,2017年第4季,0.519,公噸,0,公噸,0,公噸,0,公噸,完成核算
B0004680,先捷實業股份有限公司,2017年第4季,0.077,公噸,0,公噸,0,公噸,0,公噸,完成核算
B0004671,賓錡工業有限公司,2017年第4季,0.013,公噸,0,公噸,0.019,公噸,0.002,公噸,完成核算
B0003165,大全造漆工業(股)有限公司,2017年第4季,0,公噸,0,公噸,0,公噸,0,公噸,完成核算
B0002846,彩嘉印刷有限公司,2017年第4季,0.581,公噸,0,公噸,0,公噸,0,公噸,完成核算
B0002659,翰鑫企業股份有限公司,2017年第4季,0.002,公噸,0,公噸,0,公噸,0,公噸,完成核算
B0002060,冠興汽車,2017年第4季,0.035,公噸,0,公噸,0,公噸,0,公噸,完成核算
A4100331,衛生福利部疾病管制署,2017年第4季,0,公噸,0,公噸,0,公噸,0.001,公噸,完成核算
A39A2860,佳星汽車實業股份有限公司,2017年第4季,0.16,公噸,0,公噸,0,公噸,0,公噸,完成核算
A3700891,惟新乾洗商店,2017年第4季,0,公噸,0,公噸,0,公噸,0,公噸,完成核算
T5005157,高磊砂石行,2017年第3季,0,公噸,5.182,公噸,0,公噸,0,公噸,完成申報
S1666875,長亨精密股份有限公司本洲廠,2017年第3季,0.96,公噸,0,公噸,0,公噸,0,公噸,完成申報
S1665770,萬明企業有限公司,2017年第3季,0,公噸,0,公噸,0.234,公噸,0.162,公噸,完成核算
R9400054,宗發工業股份有限公司,2017年第3季,0,公噸,0,公噸,0.365,公噸,0.253,公噸,完成核算
R91A0278,中晶企業有限公司台南廠,2017年第3季,0.006,公噸,0,公噸,0.027,公噸,0.02,公噸,完成核算
R8401922,仲衛實業股份有限公司,2017年第3季,0,公噸,0,公噸,0,公噸,0,公噸,完成核算
R14A2514,六曜工業股份有限公司二廠,2017年第3季,0.676,公噸,0,公噸,0.001,公噸,0.022,公噸,完成核算
R14A2316,勛榮企業有限公司,2017年第3季,0.621,公噸,0,公噸,0,公噸,0.004,公噸,完成核算
R14A1992,長合企業股份有限公司,2017年第3季,1.29,公噸,0,公噸,0,公噸,0,公噸,完成核算
R14A1427,將寶實業股份有限公司,2017年第3季,0.621,公噸,0,公噸,0,公噸,0,公噸,完成核算
R14A0558,博暉微膜科技企業有限公司,2017年第3季,0,公噸,0,公噸,0,公噸,0.013,公噸,完成核算
R1407720,順通水泥製品股份有限公司,2017年第3季,0,公噸,0,公噸,0,公噸,0,公噸,完成核算
R1406974,百永裕實業廠,2017年第3季,0.556,公噸,0,公噸,0,公噸,0,公噸,完成核算
R1406732,龍展工業股份有限公司,2017年第3季,0.073,公噸,0,公噸,0.037,公噸,0.09,公噸,完成核算
R1405020,尚賢實業有限公司,2017年第3季,0,公噸,0,公噸,0,公噸,0,公噸,完成核算
R1404087,鎮州企業有限公司,2017年第3季,0.38,公噸,0,公噸,0.228,公噸,0.158,公噸,完成核算
R1404041,王雲慶企業股份有限公司工廠,2017年第3季,0.158,公噸,0,公噸,0,公噸,0,公噸,完成核算
R1403491,六曜工業股份有限公司,2017年第3季,0.13,公噸,0,公噸,0.001,公噸,0.01,公噸,完成核算
R10A3829,鈺誠鋁業股份有限公司,2017年第3季,0.352,公噸,0,公噸,0.067,公噸,0.134,公噸,完成核算
R1009386,隆龍鋁業有限公司,2017年第3季,0.148,公噸,0,公噸,0.137,公噸,0.141,公噸,完成核算
R1009368,元發企業有限公司,2017年第3季,0.016,公噸,0,公噸,0,公噸,0,公噸,完成核算
R1007506,統舜工業股份有限公司,2017年第3季,0,公噸,0,公噸,0.28,公噸,0.21,公噸,完成核算
R1000758,山聯長金屬股份有限公司,2017年第3季,0.059,公噸,0,公噸,0.009,公噸,0.008,公噸,完成核算
R1000169,富山化學工廠股份有限公司,2017年第3季,0,公噸,0,公噸,0.048,公噸,0.033,公噸,完成核算
R0301603,宏捷科技股份有限公司,2017年第3季,0.216,公噸,0,公噸,0.11,公噸,0.268,公噸,完成核算
R0300955,台灣百事食品股份有限公司,2017年第3季,0,公噸,0,公噸,0,公噸,0,公噸,完成核算
N29A2178,金億昇實業股份有限公司,2017年第3季,0.158,公噸,0,公噸,0,公噸,0,公噸,完成核算
N1708965,恆欣預拌混凝土有限公司,2017年第3季,0,公噸,2.614,公噸,0,公噸,0,公噸,完成申報
L9307071,和昂實業有限公司,2017年第3季,0,公噸,0,公噸,0,公噸,0,公噸,完成核算
L0504510,興展企業有限公司,2017年第3季,0.02,公噸,0,公噸,0,公噸,0,公噸,完成核算
L0000400,歌美時企業股份有限公司,2017年第3季,0,公噸,0,公噸,0,公噸,0,公噸,完成核算
H51B3567,正升包裝材料有限公司,2017年第3季,13.009,公噸,0,公噸,0,公噸,0,公噸,核算確認中
H51B2856,安永精工股份有限公司,2017年第3季,0.161,公噸,0,公噸,0,公噸,0,公噸,完成核算
H49B3454,雞大王股份有限公司,2017年第3季,0,公噸,0,公噸,0.503,公噸,0.349,公噸,完成核算
H48B3786,力宇彩藝有限公司,2017年第3季,4.55,公噸,0,公噸,0,公噸,0,公噸,核算確認中
H4704278,居善醫院,2017年第3季,0,公噸,0,公噸,0,公噸,0.003,公噸,完成核算
H46B6720,溫信塑膠股份有限公司,2017年第3季,1.612,公噸,0,公噸,0,公噸,0,公噸,核算確認中
H45B4987,旭申國際科技股份有限公司一廠,2017年第3季,0.039,公噸,0,公噸,0,公噸,0,公噸,完成核算
H43B6290,宏揚環保工程有限公司,2017年第3季,0.017,公噸,0,公噸,0,公噸,0,公噸,完成核算
H4306843,僑力化工股份有限公司中壢廠,2017年第3季,0,公噸,0,公噸,0,公噸,0.027,公噸,完成核算
H4209732,敏盛綜合醫院,2017年第3季,0,公噸,0,公噸,0,公噸,0.061,公噸,完成核算
E56B1498,環球橡膠股份有限公司小港廠,2017年第3季,6.696,公噸,0.021,公噸,0.227,公噸,1.523,公噸,核算確認中
E5602309,隆洋遊艇工業股份有限公司,2017年第3季,1.145,公噸,0,公噸,0,公噸,0,公噸,完成核算
E4900879,台灣福雷電子股份有限公司,2017年第3季,0.672,公噸,0,公噸,0,公噸,0,公噸,完成核算
E3401000,興臺實業股份有限公司,2017年第3季,0,公噸,0,公噸,0,公噸,0,公噸,完成核算
E20A2665,君耀電子股份有限公司高雄分公司,2017年第3季,0.006,公噸,0,公噸,0,公噸,0.003,公噸,完成核算
E1901481,大溪砂石行,2017年第3季,0,公噸,5.706,公噸,0,公噸,0,公噸,完成申報
E1604709,朝宇航太科技股份有限公司二廠,2017年第3季,0.331,公噸,0,公噸,0,公噸,0,公噸,完成核算
E1602518,聖鑫金屬有限公司,2017年第3季,0,公噸,0,公噸,0,公噸,0,公噸,完成核算
B9403849,貿多實業有限公司,2017年第3季,0.023,公噸,0,公噸,0,公噸,0,公噸,完成核算
B9203536,峻甫企業有限公司二廠,2017年第3季,0.009,公噸,0,公噸,0,公噸,0,公噸,完成核算
B9201461,日紳食品有限公司,2017年第3季,0,公噸,0,公噸,0.078,公噸,0.075,公噸,完成核算
B8803336,茂華展業有限公司大甲分公司,2017年第3季,0,公噸,0,公噸,0,公噸,0.006,公噸,完成核算
B8700858,宏毅興業股份有限公司,2017年第3季,0.802,公噸,0,公噸,0,公噸,0,公噸,完成核算
B8606300,名仁國際股份有限公司豐原廠,2017年第3季,0.059,公噸,0,公噸,0,公噸,0,公噸,完成核算
B8606293,佳得塑膠工廠,2017年第3季,0.005,公噸,0,公噸,0,公噸,0,公噸,完成核算
B8606284,順發興業股份有限公司,2017年第3季,0.016,公噸,0,公噸,0,公噸,0,公噸,完成核算
B2407732,森宙工業股份有限公司,2017年第3季,0.158,公噸,0,公噸,0.313,公噸,0.213,公噸,完成核算
B23A6762,信元製藥股份有限公司,2017年第3季,0.027,公噸,0,公噸,0,公噸,0.002,公噸,完成核算
B0508227,聯誠彩色文化實業有限公司,2017年第3季,0.011,公噸,0,公噸,0,公噸,0,公噸,完成核算
B0508218,銘安科技股份有限公司,2017年第3季,0.145,公噸,0,公噸,0,公噸,0,公噸,完成核算
B0508147,品茂塑膠工業股份有限公司三廠,2017年第3季,0.012,公噸,0,公噸,0,公噸,0,公噸,完成核算
B0508110,合泰金屬有限公司,2017年第3季,1.217,公噸,0,公噸,0,公噸,0,公噸,完成核算
B0500972,品茂塑膠工業股份有限公司二廠,2017年第3季,0.201,公噸,0,公噸,0,公噸,0,公噸,完成核算
B0004671,賓錡工業有限公司,2017年第3季,0.028,公噸,0,公噸,0.04,公噸,0.003,公噸,完成核算
T5007302,協隆砂石企業社,2017年第2季,0,公噸,5.043,公噸,0,公噸,0,公噸,完成申報
T5005157,高磊砂石行,2017年第2季,0,公噸,4.743,公噸,0,公噸,0,公噸,完成申報
S2007727,高雄市農會生物製藥廠,2017年第2季,0.11,公噸,0,公噸,0,公噸,0,公噸,完成核算
S1666875,長亨精密股份有限公司本洲廠,2017年第2季,0,公噸,0,公噸,0,公噸,0,公噸,完成申報
S1665770,萬明企業有限公司,2017年第2季,0,公噸,0,公噸,0.314,公噸,0.218,公噸,完成核算
R9400054,宗發工業股份有限公司,2017年第2季,0,公噸,0,公噸,0.308,公噸,0.214,公噸,完成核算
R91A0278,中晶企業有限公司台南廠,2017年第2季,0.004,公噸,0,公噸,0.018,公噸,0.013,公噸,完成核算
R8401922,仲衛實業股份有限公司,2017年第2季,0,公噸,0,公噸,0,公噸,0,公噸,完成核算
R14A2514,六曜工業股份有限公司二廠,2017年第2季,0.171,公噸,0,公噸,0,公噸,0.005,公噸,完成核算
R14A2316,勛榮企業有限公司,2017年第2季,0.568,公噸,0,公噸,0,公噸,0.003,公噸,完成核算
R14A1992,長合企業股份有限公司,2017年第2季,1.49,公噸,0,公噸,0,公噸,0,公噸,完成核算
R14A1427,將寶實業股份有限公司,2017年第2季,0.782,公噸,0,公噸,0,公噸,0,公噸,完成核算
R14A0558,博暉微膜科技企業有限公司,2017年第2季,0,公噸,0,公噸,0.019,公噸,0.022,公噸,完成核算
R1407720,順通水泥製品股份有限公司,2017年第2季,0,公噸,0,公噸,0,公噸,0,公噸,完成核算
R1406974,百永裕實業廠,2017年第2季,0.578,公噸,0,公噸,0,公噸,0,公噸,完成核算
R1406732,龍展工業股份有限公司,2017年第2季,0.06,公噸,0,公噸,0.03,公噸,0.072,公噸,完成核算
R1405020,尚賢實業有限公司,2017年第2季,0,公噸,0,公噸,0,公噸,0,公噸,完成核算
R1404087,鎮州企業有限公司,2017年第2季,0.397,公噸,0,公噸,0.228,公噸,0.158,公噸,完成核算
R1404041,王雲慶企業股份有限公司工廠,2017年第2季,0.103,公噸,0,公噸,0,公噸,0,公噸,完成核算
R1403491,六曜工業股份有限公司,2017年第2季,0.112,公噸,0,公噸,0.001,公噸,0.008,公噸,完成核算
R10A3829,鈺誠鋁業股份有限公司,2017年第2季,0.299,公噸,0,公噸,0.059,公噸,0.118,公噸,完成核算
R1009386,隆龍鋁業有限公司,2017年第2季,0.122,公噸,0,公噸,0.112,公噸,0.115,公噸,完成核算
R1009368,元發企業有限公司,2017年第2季,0.019,公噸,0,公噸,0,公噸,0,公噸,完成核算
R1007506,統舜工業股份有限公司,2017年第2季,0,公噸,0,公噸,0.277,公噸,0.207,公噸,完成核算
R1000758,山聯長金屬股份有限公司,2017年第2季,0.05,公噸,0,公噸,0.007,公噸,0.007,公噸,完成核算
R1000169,富山化學工廠股份有限公司,2017年第2季,0,公噸,0,公噸,0.048,公噸,0.033,公噸,完成核算
R0301603,宏捷科技股份有限公司,2017年第2季,0.243,公噸,0,公噸,0.107,公噸,0.268,公噸,完成核算
R0300955,台灣百事食品股份有限公司,2017年第2季,0,公噸,0,公噸,0,公噸,0,公噸,完成核算
N29A2178,金億昇實業股份有限公司,2017年第2季,0.095,公噸,0,公噸,0,公噸,0,公噸,完成核算
L9307071,和昂實業有限公司,2017年第2季,0,公噸,0,公噸,0,公噸,0,公噸,完成核算
L0504510,興展企業有限公司,2017年第2季,0.017,公噸,0,公噸,0,公噸,0,公噸,完成核算
L0000400,歌美時企業股份有限公司,2017年第2季,0,公噸,0,公噸,0.095,公噸,0.066,公噸,完成核算
K77A1023,億光電子工業股份有限公司銅鑼廠,2017年第2季,0.389,公噸,0,公噸,0.023,公噸,0.056,公噸,完成核算
J59B1712,旭德科技股份有限公司三廠,2017年第2季,0.011,公噸,0,公噸,0,公噸,0,公噸,完成核算
H52A5333,正盟綜合包材股份有限公司,2017年第2季,20.329,公噸,0,公噸,0,公噸,0,公噸,核算確認中
H51B3567,正升包裝材料有限公司,2017年第2季,9.697,公噸,0,公噸,0,公噸,0,公噸,核算確認中
H49B3454,雞大王股份有限公司,2017年第2季,0,公噸,0,公噸,0.464,公噸,0.322,公噸,完成核算
H49B2931,華泰彩藝工業股份有限公司,2017年第2季,5.876,公噸,0,公噸,0,公噸,0,公噸,核算確認中
H49A0849,元德有限公司八德廠,2017年第2季,4.596,公噸,0,公噸,0,公噸,0,公噸,核算確認中
H48B3786,力宇彩藝有限公司,2017年第2季,4.025,公噸,0,公噸,0,公噸,0,公噸,核算確認中
H4704278,居善醫院,2017年第2季,0,公噸,0,公噸,0,公噸,0.003,公噸,完成核算
H46B6720,溫信塑膠股份有限公司,2017年第2季,1.125,公噸,0,公噸,0,公噸,0,公噸,核算確認中
H45B4987,旭申國際科技股份有限公司一廠,2017年第2季,0.041,公噸,0,公噸,0,公噸,0,公噸,完成核算
H43D0870,台灣第一包裝企業有限公司,2017年第2季,9.976,公噸,0,公噸,0,公噸,0,公噸,核算確認中
H43B6290,宏揚環保工程有限公司,2017年第2季,0.014,公噸,0,公噸,0,公噸,0,公噸,完成核算
H4209732,敏盛綜合醫院,2017年第2季,0,公噸,0,公噸,0,公噸,0.068,公噸,完成核算
E56B1498,環球橡膠股份有限公司小港廠,2017年第2季,6.241,公噸,0.015,公噸,0.184,公噸,1.216,公噸,完成核算
E5602309,隆洋遊艇工業股份有限公司,2017年第2季,1.216,公噸,0,公噸,0,公噸,0,公噸,完成核算
E4900879,台灣福雷電子股份有限公司,2017年第2季,0.979,公噸,0,公噸,0,公噸,0,公噸,完成核算
E3401000,興臺實業股份有限公司,2017年第2季,0,公噸,0,公噸,0,公噸,0,公噸,完成核算
E20A2665,君耀電子股份有限公司高雄分公司,2017年第2季,0.005,公噸,0,公噸,0,公噸,0.002,公噸,完成核算
E1604709,朝宇航太科技股份有限公司二廠,2017年第2季,0.307,公噸,0,公噸,0,公噸,0,公噸,完成核算
E1602518,聖鑫金屬有限公司,2017年第2季,0.168,公噸,0,公噸,0.075,公噸,0.052,公噸,完成核算
B9403849,貿多實業有限公司,2017年第2季,0.019,公噸,0,公噸,0,公噸,0,公噸,完成核算
B9203536,峻甫企業有限公司二廠,2017年第2季,0.009,公噸,0,公噸,0,公噸,0,公噸,完成核算
B9201461,日紳食品有限公司,2017年第2季,0,公噸,0,公噸,0.074,公噸,0.071,公噸,完成核算
B8803336,茂華展業有限公司大甲分公司,2017年第2季,0,公噸,0,公噸,0,公噸,0.006,公噸,完成核算
B8700858,宏毅興業股份有限公司,2017年第2季,0.87,公噸,0,公噸,0,公噸,0,公噸,完成核算
B8606300,名仁國際股份有限公司豐原廠,2017年第2季,0.059,公噸,0,公噸,0,公噸,0,公噸,完成核算
B8606293,佳得塑膠工廠,2017年第2季,0.007,公噸,0,公噸,0,公噸,0,公噸,完成核算
B8606284,順發興業股份有限公司,2017年第2季,0.016,公噸,0,公噸,0,公噸,0,公噸,完成核算
B8606239,大亨利國際開發股份有限公司豐原廠,2017年第2季,0.013,公噸,0,公噸,0,公噸,0,公噸,完成核算
B2407732,森宙工業股份有限公司,2017年第2季,0.156,公噸,0,公噸,0.31,公噸,0.21,公噸,完成核算
B23A6762,信元製藥股份有限公司,2017年第2季,0.014,公噸,0,公噸,0,公噸,0.001,公噸,完成核算
B0508227,聯誠彩色文化實業有限公司,2017年第2季,0.011,公噸,0,公噸,0,公噸,0,公噸,完成核算
B0508218,銘安科技股份有限公司,2017年第2季,0.338,公噸,0,公噸,0,公噸,0,公噸,完成核算
B0508147,品茂塑膠工業股份有限公司三廠,2017年第2季,0.047,公噸,0,公噸,0,公噸,0,公噸,完成核算
B0508110,合泰金屬有限公司,2017年第2季,0.778,公噸,0,公噸,0,公噸,0,公噸,完成核算
B0500972,品茂塑膠工業股份有限公司二廠,2017年第2季,0.201,公噸,0,公噸,0,公噸,0,公噸,完成核算
B0004671,賓錡工業有限公司,2017年第2季,0.041,公噸,0,公噸,0.059,公噸,0.005,公噸,完成核算
S2007727,高雄市農會生物製藥廠,2017年第1季,0.11,公噸,0,公噸,0,公噸,0,公噸,完成核算
S1666875,長亨精密股份有限公司本洲廠,2017年第1季,0,公噸,0,公噸,0,公噸,0,公噸,完成申報
S1665770,萬明企業有限公司,2017年第1季,0,公噸,0,公噸,0.237,公噸,0.164,公噸,完成核算
R9400054,宗發工業股份有限公司,2017年第1季,0,公噸,0,公噸,0.412,公噸,0.286,公噸,完成核算
R91A0278,中晶企業有限公司台南廠,2017年第1季,0.004,公噸,0,公噸,0.017,公噸,0.013,公噸,完成核算
R8401922,仲衛實業股份有限公司,2017年第1季,0,公噸,0,公噸,0,公噸,0,公噸,完成核算
R14A2514,六曜工業股份有限公司二廠,2017年第1季,0.119,公噸,0,公噸,0.001,公噸,0.018,公噸,完成核算
R14A2316,勛榮企業有限公司,2017年第1季,0.561,公噸,0,公噸,0,公噸,0.003,公噸,完成核算
R14A1992,長合企業股份有限公司,2017年第1季,1.227,公噸,0,公噸,0.017,公噸,0.012,公噸,完成核算
R14A1427,將寶實業股份有限公司,2017年第1季,0.736,公噸,0,公噸,0,公噸,0,公噸,完成核算
R14A0558,博暉微膜科技企業有限公司,2017年第1季,0,公噸,0,公噸,0.065,公噸,0.045,公噸,完成核算
R1407720,順通水泥製品股份有限公司,2017年第1季,0,公噸,0,公噸,0,公噸,0,公噸,完成核算
R1406974,百永裕實業廠,2017年第1季,0.539,公噸,0,公噸,0,公噸,0,公噸,完成核算
R1406732,龍展工業股份有限公司,2017年第1季,0.058,公噸,0,公噸,0.026,公噸,0.062,公噸,完成核算
R1405020,尚賢實業有限公司,2017年第1季,0,公噸,0,公噸,0,公噸,0,公噸,完成核算
R1404087,鎮州企業有限公司,2017年第1季,0.381,公噸,0,公噸,0.228,公噸,0.158,公噸,完成核算
R1404041,王雲慶企業股份有限公司工廠,2017年第1季,0.111,公噸,0,公噸,0,公噸,0,公噸,完成核算
R1403491,六曜工業股份有限公司,2017年第1季,0.108,公噸,0,公噸,0.001,公噸,0.008,公噸,完成核算
R10A3829,鈺誠鋁業股份有限公司,2017年第1季,0.32,公噸,0,公噸,0.005,公噸,0.124,公噸,完成核算
R1009386,隆龍鋁業有限公司,2017年第1季,0.071,公噸,0,公噸,0.078,公噸,0.072,公噸,完成核算
R1009368,元發企業有限公司,2017年第1季,0.017,公噸,0,公噸,0,公噸,0,公噸,完成核算
R1007506,統舜工業股份有限公司,2017年第1季,0,公噸,0,公噸,0.272,公噸,0.204,公噸,完成核算
R1000758,山聯長金屬股份有限公司,2017年第1季,0.054,公噸,0,公噸,0.009,公噸,0.007,公噸,完成核算
R1000169,富山化學工廠股份有限公司,2017年第1季,0,公噸,0,公噸,0,公噸,0,公噸,完成核算
R0301603,宏捷科技股份有限公司,2017年第1季,0.293,公噸,0,公噸,0.107,公噸,0.268,公噸,完成核算
R0300955,台灣百事食品股份有限公司,2017年第1季,0,公噸,0,公噸,0,公噸,0,公噸,完成核算
N29A2178,金億昇實業股份有限公司,2017年第1季,0.17,公噸,0,公噸,0,公噸,0,公噸,完成核算
L9307071,和昂實業有限公司,2017年第1季,0,公噸,0,公噸,0,公噸,0,公噸,完成核算
L0504510,興展企業有限公司,2017年第1季,0.017,公噸,0,公噸,0,公噸,0,公噸,完成核算
L0000400,歌美時企業股份有限公司,2017年第1季,0,公噸,0,公噸,0,公噸,0,公噸,完成核算
H52A5333,正盟綜合包材股份有限公司,2017年第1季,20.733,公噸,0,公噸,0,公噸,0,公噸,核算確認中
H51B3567,正升包裝材料有限公司,2017年第1季,9.697,公噸,0,公噸,0,公噸,0,公噸,核算確認中
H49B3454,雞大王股份有限公司,2017年第1季,0,公噸,0,公噸,0.388,公噸,0.269,公噸,完成核算
H49B2931,華泰彩藝工業股份有限公司,2017年第1季,6.015,公噸,0,公噸,0,公噸,0,公噸,核算確認中
H49A0849,元德有限公司八德廠,2017年第1季,5.722,公噸,0,公噸,0,公噸,0,公噸,核算確認中
H48B3786,力宇彩藝有限公司,2017年第1季,3.462,公噸,0,公噸,0,公噸,0,公噸,核算確認中
H4704278,居善醫院,2017年第1季,0,公噸,0,公噸,0,公噸,0.003,公噸,完成核算
H46B6720,溫信塑膠股份有限公司,2017年第1季,1.116,公噸,0,公噸,0,公噸,0,公噸,核算確認中
H45B5014,新禾彩藝工業股份有限公司楊梅廠,2017年第1季,34.614,公噸,0,公噸,0,公噸,0,公噸,核算確認中
H45B4987,旭申國際科技股份有限公司一廠,2017年第1季,0.028,公噸,0,公噸,0,公噸,0,公噸,完成核算
H43D0870,台灣第一包裝企業有限公司,2017年第1季,10.002,公噸,0,公噸,0,公噸,0,公噸,核算確認中
H43B6290,宏揚環保工程有限公司,2017年第1季,0.014,公噸,0,公噸,0,公噸,0,公噸,完成核算
H4209732,敏盛綜合醫院,2017年第1季,0,公噸,0,公噸,0,公噸,0.074,公噸,完成核算
E56B1498,環球橡膠股份有限公司小港廠,2017年第1季,6.938,公噸,0.017,公噸,0.243,公噸,1.548,公噸,完成核算
E5602309,隆洋遊艇工業股份有限公司,2017年第1季,1.252,公噸,0,公噸,0,公噸,0,公噸,完成核算
E4900879,台灣福雷電子股份有限公司,2017年第1季,1.05,公噸,0,公噸,0,公噸,0,公噸,完成核算
E3401000,興臺實業股份有限公司,2017年第1季,0,公噸,0,公噸,0,公噸,0,公噸,完成核算
E20A2665,君耀電子股份有限公司高雄分公司,2017年第1季,0.005,公噸,0,公噸,0,公噸,0.003,公噸,完成核算
E1604709,朝宇航太科技股份有限公司二廠,2017年第1季,0.15,公噸,0,公噸,0,公噸,0,公噸,完成核算
E1602518,聖鑫金屬有限公司,2017年第1季,0.114,公噸,0,公噸,0.057,公噸,0.039,公噸,完成核算
B9403849,貿多實業有限公司,2017年第1季,0.015,公噸,0,公噸,0,公噸,0,公噸,完成核算
B9203536,峻甫企業有限公司二廠,2017年第1季,0.009,公噸,0,公噸,0,公噸,0,公噸,完成核算
B9201461,日紳食品有限公司,2017年第1季,0,公噸,0,公噸,0.074,公噸,0.07,公噸,完成核算
B8803336,茂華展業有限公司大甲分公司,2017年第1季,0,公噸,0,公噸,0,公噸,0.006,公噸,完成核算
B8700858,宏毅興業股份有限公司,2017年第1季,0.728,公噸,0,公噸,0,公噸,0,公噸,完成核算
B8606300,名仁國際股份有限公司豐原廠,2017年第1季,0.059,公噸,0,公噸,0,公噸,0,公噸,完成核算
B8606293,佳得塑膠工廠,2017年第1季,0.005,公噸,0,公噸,0,公噸,0,公噸,完成核算
B8606284,順發興業股份有限公司,2017年第1季,0.016,公噸,0,公噸,0,公噸,0,公噸,完成核算
B8606239,大亨利國際開發股份有限公司豐原廠,2017年第1季,0.013,公噸,0,公噸,0,公噸,0,公噸,完成核算
B2407732,森宙工業股份有限公司,2017年第1季,0.169,公噸,0,公噸,0.335,公噸,0.228,公噸,完成核算
B23A6762,信元製藥股份有限公司,2017年第1季,0.016,公噸,0,公噸,0,公噸,0,公噸,完成核算
B0508227,聯誠彩色文化實業有限公司,2017年第1季,0.011,公噸,0,公噸,0,公噸,0,公噸,完成核算
B0508218,銘安科技股份有限公司,2017年第1季,0.274,公噸,0,公噸,0,公噸,0,公噸,完成核算
B0508147,品茂塑膠工業股份有限公司三廠,2017年第1季,0.036,公噸,0,公噸,0,公噸,0,公噸,完成核算
B0508110,合泰金屬有限公司,2017年第1季,0.598,公噸,0,公噸,0,公噸,0,公噸,完成核算
B0500972,品茂塑膠工業股份有限公司二廠,2017年第1季,0.201,公噸,0,公噸,0,公噸,0,公噸,完成核算
B0004671,賓錡工業有限公司,2017年第1季,0.025,公噸,0,公噸,0.036,公噸,0.003,公噸,完成核算
S2305764,白紗科技印刷股份有限公司高雄廠,2016年第4季,0.695,公噸,0,公噸,0,公噸,0,公噸,完成核算
S2007727,高雄市農會生物製藥廠,2016年第4季,0.116,公噸,0,公噸,0,公噸,0,公噸,完成核算
S2002884,台灣弼奧股份有限公司,2016年第4季,5.338,公噸,0,公噸,0,公噸,0,公噸,完成核算
S1666875,長亨精密股份有限公司本洲廠,2016年第4季,0.48,公噸,0,公噸,0,公噸,0,公噸,完成申報
P6204385,湯禮仲屠宰場,2016年第4季,0,公噸,0,公噸,0.05,公噸,0.035,公噸,完成核算
N29A2178,金億昇實業股份有限公司,2016年第4季,0.199,公噸,0,公噸,0,公噸,0,公噸,完成核算
N19A2382,全維企業有限公司,2016年第4季,0.003,公噸,0,公噸,0,公噸,0,公噸,完成核算
L9803532,明大化學製藥股份有限公司,2016年第4季,0,公噸,0,公噸,0,公噸,0,公噸,完成核算
L9502021,慶昇企業社,2016年第4季,0,公噸,0,公噸,0,公噸,0.002,公噸,完成核算
L9405750,健豐泡綿股份有限公司,2016年第4季,0.67,公噸,0,公噸,0,公噸,0,公噸,完成核算
L9307071,和昂實業有限公司,2016年第4季,0,公噸,0,公噸,0,公噸,0,公噸,完成核算
L9306305,歆錡科技股份有限公司,2016年第4季,0.303,公噸,0,公噸,0,公噸,0,公噸,完成核算
L91A0025,宇隆科技股份有限公司,2016年第4季,0.458,公噸,0,公噸,0,公噸,0,公噸,完成核算
L88A0254,百歐仕科研股份有限公司,2016年第4季,0.32,公噸,0,公噸,0,公噸,0.004,公噸,完成核算
L8603289,長信金屬工業(股)公司,2016年第4季,0,公噸,0,公噸,0,公噸,0,公噸,完成核算
L0504510,興展企業有限公司,2016年第4季,0.02,公噸,0,公噸,0,公噸,0,公噸,完成核算
L0411985,同福沛特有限公司,2016年第4季,0.325,公噸,0,公噸,0,公噸,0,公噸,完成核算
L0411127,晶美工業有限公司,2016年第4季,0.546,公噸,0,公噸,0.001,公噸,0.019,公噸,完成核算
L0408577,明緻工業有限公司,2016年第4季,0.515,公噸,0,公噸,0,公噸,0,公噸,完成核算
L0401845,大漢電鍍工業(股)有限公司,2016年第4季,0.345,公噸,0,公噸,0,公噸,0,公噸,完成核算
L0000400,歌美時企業股份有限公司,2016年第4季,0,公噸,0,公噸,0,公噸,0,公噸,完成核算
J6101367,蓮花工業(股)公司,2016年第4季,0,公噸,0,公噸,0,公噸,0.204,公噸,核算確認中
J58A5851,千禧園股份有限公司,2016年第4季,0,公噸,0,公噸,0,公噸,0.014,公噸,完成核算
H53A6782,亞東工業氣體股份有限公司,2016年第4季,0.368,公噸,0,公噸,0.03,公噸,3.549,公噸,完成核算
H5308190,嵩鎰企業股份有限公司,2016年第4季,0.66,公噸,0,公噸,0,公噸,0,公噸,核算確認中
H52A5333,正盟綜合包材股份有限公司,2016年第4季,46.356,公噸,0,公噸,0,公噸,0,公噸,核算確認中
H51B3567,正升包裝材料有限公司,2016年第4季,20.318,公噸,0,公噸,0,公噸,0,公噸,核算確認中
H50A9949,五盛紙印花股份有限公司,2016年第4季,5.25,公噸,0,公噸,0,公噸,0,公噸,完成核算
H5009674,信通交通器材股份有限公司,2016年第4季,0.004,公噸,0,公噸,0,公噸,0,公噸,完成核算
H5007205,詠吉彩藝工業股份有限公司龍潭廠,2016年第4季,84.05,公噸,0,公噸,0,公噸,0,公噸,核算確認中
H49B3454,雞大王股份有限公司,2016年第4季,0,公噸,0,公噸,0.324,公噸,0.225,公噸,完成核算
H49B2931,華泰彩藝工業股份有限公司,2016年第4季,5.867,公噸,0,公噸,0,公噸,0,公噸,核算確認中
H49A0849,元德有限公司八德廠,2016年第4季,5.245,公噸,0,公噸,0,公噸,0,公噸,核算確認中
H48B3845,瑞興工業股份有限公司二廠,2016年第4季,1.116,公噸,0,公噸,0,公噸,0,公噸,完成核算
H48B3786,力宇彩藝有限公司,2016年第4季,3.425,公噸,0,公噸,0,公噸,0,公噸,核算確認中
H48B0217,倉和股份有限公司,2016年第4季,0.673,公噸,0,公噸,0,公噸,0,公噸,完成核算
H46B5198,本源興股份有限公司,2016年第4季,5.312,公噸,0,公噸,0,公噸,0,公噸,核算確認中
H46B5029,喜美包裝企業股份有限公司,2016年第4季,5.759,公噸,0,公噸,0,公噸,0,公噸,核算確認中
H45B5014,新禾彩藝工業股份有限公司楊梅廠,2016年第4季,33.186,公噸,0,公噸,0,公噸,0,公噸,核算確認中
H45B4997,昶昱塑膠企業股份有限公司,2016年第4季,3.285,公噸,0,公噸,0,公噸,0,公噸,核算確認中
H45B4987,旭申國際科技股份有限公司一廠,2016年第4季,0.04,公噸,0,公噸,0,公噸,0,公噸,完成核算
H45B4838,台灣勵遠股份有限公司,2016年第4季,12.678,公噸,0,公噸,0,公噸,0,公噸,核算確認中
H45B4135,冠格科技股份有限公司,2016年第4季,9.152,公噸,0,公噸,0,公噸,0,公噸,核算確認中
H45A7350,國高紙品股份有限公司楊梅廠,2016年第4季,5.239,公噸,0,公噸,0,公噸,0,公噸,核算確認中
H44A0072,廣全印刷股份有限公司,2016年第4季,3.829,公噸,0,公噸,0,公噸,0,公噸,核算確認中
H4406900,全蓬實業股份有限公司,2016年第4季,3.964,公噸,0,公噸,0,公噸,0,公噸,核算確認中
H43D0870,台灣第一包裝企業有限公司,2016年第4季,4.85,公噸,0,公噸,0,公噸,0,公噸,核算確認中
H43B6290,宏揚環保工程有限公司,2016年第4季,0.013,公噸,0,公噸,0,公噸,0,公噸,完成核算
H43A0344,東亞彩藝股份有限公司,2016年第4季,39.175,公噸,0,公噸,0,公噸,0,公噸,核算確認中
H4310696,百利通亞陶科技股份有限公司,2016年第4季,1.456,公噸,0,公噸,0,公噸,0,公噸,完成核算
H42C0155,宏泰塑膠廠,2016年第4季,0.651,公噸,0,公噸,0,公噸,0,公噸,核算確認中
H42B9942,錫安包裝實業有限公司,2016年第4季,4.141,公噸,0,公噸,0,公噸,0.005,公噸,核算確認中
H4211983,台灣立凱電能科技股份有限公司,2016年第4季,0.594,公噸,0,公噸,0,公噸,0,公噸,完成核算
G32A2388,天宥興業有限公司武荖坑廠,2016年第4季,0,公噸,0.167,公噸,0,公噸,0,公噸,完成申報
F23A3770,海聖股份有限公司八里廠,2016年第4季,0,公噸,0,公噸,0.855,公噸,0.593,公噸,完成核算
E56B1498,環球橡膠股份有限公司小港廠,2016年第4季,13.186,公噸,0.015,公噸,0.2,公噸,1.386,公噸,完成核算
E5602309,隆洋遊艇工業股份有限公司,2016年第4季,1.199,公噸,0,公噸,0,公噸,0,公噸,完成核算
E54A3308,明安國際企業股份有限公司高加二廠,2016年第4季,0.063,公噸,0,公噸,0,公噸,0,公噸,完成核算
E4900879,台灣福雷電子股份有限公司,2016年第4季,1.161,公噸,0,公噸,0,公噸,0,公噸,完成核算
E3401000,興臺實業股份有限公司,2016年第4季,0,公噸,0,公噸,0,公噸,0,公噸,完成核算
E20A2665,君耀電子股份有限公司高雄分公司,2016年第4季,0.007,公噸,0,公噸,0,公噸,0.002,公噸,完成核算
E1604709,朝宇航太科技股份有限公司二廠,2016年第4季,0.192,公噸,0,公噸,0,公噸,0,公噸,完成核算
B9800277,智邦材料股份有限公司,2016年第4季,0.736,公噸,0,公噸,0,公噸,0,公噸,完成核算
B9502829,綠茵生技股份有限公司,2016年第4季,0,公噸,0,公噸,0,公噸,0.003,公噸,完成核算
B9502678,萬豪工業有限公司,2016年第4季,0.222,公噸,0,公噸,0,公噸,0,公噸,完成核算
B9500978,優貝克材料股份有限公司,2016年第4季,0.713,公噸,0,公噸,0,公噸,0,公噸,完成核算
B9403849,貿多實業有限公司,2016年第4季,0.004,公噸,0,公噸,0,公噸,0,公噸,完成核算
B9302276,富國興業股份有限公司,2016年第4季,1.3,公噸,0,公噸,0,公噸,0,公噸,完成核算
B9203554,愛爾蘭商意利股份有限公司台灣分公司,2016年第4季,0.005,公噸,0,公噸,0,公噸,0,公噸,完成核算
B9203545,宏威食品有限公司,2016年第4季,0,公噸,0,公噸,0,公噸,0.002,公噸,完成核算
B9203536,峻甫企業有限公司二廠,2016年第4季,0.012,公噸,0,公噸,0,公噸,0,公噸,完成核算
B9203509,永太工業社,2016年第4季,0.001,公噸,0,公噸,0,公噸,0,公噸,完成核算
B9203107,僑芳賓館,2016年第4季,0,公噸,0,公噸,0,公噸,0.002,公噸,完成核算
B9201461,日紳食品有限公司,2016年第4季,0,公噸,0,公噸,0.053,公噸,0.059,公噸,完成核算
B8903804,禾壹塑膠製品廠,2016年第4季,0.02,公噸,0,公噸,0,公噸,0,公噸,完成核算
B8903797,志森塑膠複合材料有限公司,2016年第4季,0.176,公噸,0,公噸,0,公噸,0,公噸,完成核算
B8803336,茂華展業有限公司大甲分公司,2016年第4季,0,公噸,0,公噸,0,公噸,0.006,公噸,完成核算
B8700858,宏毅興業股份有限公司,2016年第4季,0.975,公噸,0,公噸,0,公噸,0,公噸,完成核算
B8606300,名仁國際股份有限公司豐原廠,2016年第4季,0.059,公噸,0,公噸,0,公噸,0,公噸,完成核算
B8606293,佳得塑膠工廠,2016年第4季,0.007,公噸,0,公噸,0,公噸,0,公噸,完成核算
B8606284,順發興業股份有限公司,2016年第4季,0.016,公噸,0,公噸,0,公噸,0,公噸,完成核算
B8606239,大亨利國際開發股份有限公司豐原廠,2016年第4季,0.013,公噸,0,公噸,0,公噸,0,公噸,完成核算
B8605107,華盛林股份有限公司,2016年第4季,0.017,公噸,0,公噸,0,公噸,0,公噸,完成核算
B25B7618,好勝地汽車旅館,2016年第4季,0,公噸,0,公噸,0,公噸,0.003,公噸,完成核算
B2407732,森宙工業股份有限公司,2016年第4季,0.195,公噸,0,公噸,0.387,公噸,0.263,公噸,完成核算
B23C0778,璽朵汽車旅館,2016年第4季,0,公噸,0,公噸,0,公噸,0.008,公噸,完成核算
B23A6762,信元製藥股份有限公司,2016年第4季,0.023,公噸,0,公噸,0,公噸,0.002,公噸,完成核算
B23A5229,鐿鈦科技股份有限公司,2016年第4季,0.002,公噸,0,公噸,0,公噸,0,公噸,完成核算
B2313066,台中市生命禮儀管理處東海館,2016年第4季,0,公噸,0,公噸,0,公噸,0.224,公噸,完成核算
B19A4792,社團法人中華民國軍人之友社台中市軍人服務站,2016年第4季,0,公噸,0,公噸,0,公噸,0.008,公噸,完成核算
B19A2726,泉億科技企業社,2016年第4季,0.04,公噸,0,公噸,0,公噸,0,公噸,完成核算
B1907000,龍華電器工廠,2016年第4季,0.006,公噸,0,公噸,0,公噸,0,公噸,完成核算
B0600208,黎都大旅社,2016年第4季,0,公噸,0,公噸,0,公噸,0.001,公噸,完成核算
B0600146,儷野大飯店,2016年第4季,0,公噸,0,公噸,0.001,公噸,0.111,公噸,完成核算
B0508227,聯誠彩色文化實業有限公司,2016年第4季,0.011,公噸,0,公噸,0,公噸,0,公噸,完成核算
B0508218,銘安科技股份有限公司,2016年第4季,0.179,公噸,0,公噸,0,公噸,0,公噸,完成核算
B0508147,品茂塑膠工業股份有限公司三廠,2016年第4季,0.012,公噸,0,公噸,0,公噸,0,公噸,完成核算
B0508138,坤隆行實業股份有限公司二廠,2016年第4季,0.025,公噸,0,公噸,0,公噸,0,公噸,完成核算
B0508110,合泰金屬有限公司,2016年第4季,0.665,公噸,0,公噸,0,公噸,0,公噸,完成核算
B0500972,品茂塑膠工業股份有限公司二廠,2016年第4季,0.201,公噸,0,公噸,0,公噸,0,公噸,完成核算
B0204457,鑫富工業社,2016年第4季,0.02,公噸,0,公噸,0,公噸,0,公噸,完成核算
B0201410,凱力實業股份有限公司,2016年第4季,0.006,公噸,0,公噸,0,公噸,0,公噸,完成核算
B0004680,先捷實業股份有限公司,2016年第4季,0.077,公噸,0,公噸,0,公噸,0,公噸,完成核算
B0004671,賓錡工業有限公司,2016年第4季,0.025,公噸,0,公噸,0.036,公噸,0.003,公噸,完成核算
S2305764,白紗科技印刷股份有限公司高雄廠,2016年第3季,0.645,公噸,0,公噸,0,公噸,0,公噸,完成核算
S2007727,高雄市農會生物製藥廠,2016年第3季,0.114,公噸,0,公噸,0,公噸,0,公噸,完成核算
S2002884,台灣弼奧股份有限公司,2016年第3季,4.602,公噸,0,公噸,0,公噸,0,公噸,完成核算
S1666875,長亨精密股份有限公司本洲廠,2016年第3季,0.48,公噸,0,公噸,0,公噸,0,公噸,完成申報
P6204385,湯禮仲屠宰場,2016年第3季,0,公噸,0,公噸,0.05,公噸,0.035,公噸,完成核算
N29A2178,金億昇實業股份有限公司,2016年第3季,0.196,公噸,0,公噸,0,公噸,0,公噸,完成核算
N19A2382,全維企業有限公司,2016年第3季,0.003,公噸,0,公噸,0,公噸,0,公噸,完成核算
M38A0089,台桐企業有限公司,2016年第3季,0,公噸,0,公噸,0,公噸,0,公噸,完成核算
M3703465,東泥實業有限公司,2016年第3季,0,公噸,0,公噸,0,公噸,0,公噸,完成核算
M3703027,南投縣集集鎮公有棄土場,2016年第3季,0,公噸,0,公噸,0,公噸,0,公噸,完成核算
M36A1106,勝輝土資工程有限公司,2016年第3季,0,公噸,0.037,公噸,0,公噸,0,公噸,完成核算
M3504784,源和興有限公司草屯廠,2016年第3季,0,公噸,0.08,公噸,0,公噸,0,公噸,完成核算
L9803532,明大化學製藥股份有限公司,2016年第3季,0,公噸,0,公噸,0,公噸,0.001,公噸,完成核算
L9502021,慶昇企業社,2016年第3季,0,公噸,0,公噸,0,公噸,0.002,公噸,完成核算
L9405750,健豐泡綿股份有限公司,2016年第3季,0.669,公噸,0,公噸,0,公噸,0,公噸,完成核算
L9307071,和昂實業有限公司,2016年第3季,0,公噸,0,公噸,0,公噸,0,公噸,完成核算
L9306305,歆錡科技股份有限公司,2016年第3季,0.338,公噸,0,公噸,0,公噸,0,公噸,完成核算
L91A0025,宇隆科技股份有限公司,2016年第3季,0.694,公噸,0,公噸,0,公噸,0,公噸,完成核算
L88A0254,百歐仕科研股份有限公司,2016年第3季,0.32,公噸,0,公噸,0,公噸,0.004,公噸,完成核算
L8603289,長信金屬工業(股)公司,2016年第3季,0,公噸,0,公噸,0,公噸,0,公噸,完成核算
L0504510,興展企業有限公司,2016年第3季,0.02,公噸,0,公噸,0,公噸,0,公噸,完成核算
L0411985,同福沛特有限公司,2016年第3季,0.331,公噸,0,公噸,0,公噸,0,公噸,完成核算
L0411127,晶美工業有限公司,2016年第3季,0.546,公噸,0,公噸,0.001,公噸,0.019,公噸,完成核算
L0408577,明緻工業有限公司,2016年第3季,0.45,公噸,0,公噸,0,公噸,0,公噸,完成核算
L0401845,大漢電鍍工業(股)有限公司,2016年第3季,0.385,公噸,0,公噸,0,公噸,0,公噸,完成核算
L0000400,歌美時企業股份有限公司,2016年第3季,0,公噸,0,公噸,0.095,公噸,0.066,公噸,完成核算
J6101367,蓮花工業(股)公司,2016年第3季,0,公噸,0,公噸,0,公噸,0.184,公噸,完成核算
J58A5851,千禧園股份有限公司,2016年第3季,0,公噸,0,公噸,0,公噸,0.007,公噸,完成核算
H53A6782,亞東工業氣體股份有限公司,2016年第3季,0.174,公噸,0,公噸,0.008,公噸,0.984,公噸,完成核算
H5308190,嵩鎰企業股份有限公司,2016年第3季,0.682,公噸,0,公噸,0,公噸,0,公噸,核算確認中
H52A5333,正盟綜合包材股份有限公司,2016年第3季,47.222,公噸,0,公噸,0,公噸,0,公噸,核算確認中
H51B3567,正升包裝材料有限公司,2016年第3季,24.335,公噸,0,公噸,0,公噸,0,公噸,核算確認中
H50A9949,五盛紙印花股份有限公司,2016年第3季,2.58,公噸,0,公噸,0,公噸,0,公噸,完成核算
H5009674,信通交通器材股份有限公司,2016年第3季,0.02,公噸,0,公噸,0,公噸,0,公噸,完成核算
H5007205,詠吉彩藝工業股份有限公司龍潭廠,2016年第3季,81.79,公噸,0,公噸,0,公噸,0,公噸,核算確認中
H49B3454,雞大王股份有限公司,2016年第3季,0,公噸,0,公噸,0.291,公噸,0.202,公噸,完成核算
H49B2931,華泰彩藝工業股份有限公司,2016年第3季,6,公噸,0,公噸,0,公噸,0,公噸,核算確認中
H49A0849,元德有限公司八德廠,2016年第3季,5.51,公噸,0,公噸,0,公噸,0,公噸,核算確認中
H48B3845,瑞興工業股份有限公司二廠,2016年第3季,2.803,公噸,0,公噸,0,公噸,0,公噸,完成核算
H48B3786,力宇彩藝有限公司,2016年第3季,4.065,公噸,0,公噸,0,公噸,0,公噸,核算確認中
H48B0217,倉和股份有限公司,2016年第3季,0.977,公噸,0,公噸,0,公噸,0,公噸,完成核算
H46B5198,本源興股份有限公司,2016年第3季,6.447,公噸,0,公噸,0,公噸,0,公噸,核算確認中
H46B5029,喜美包裝企業股份有限公司,2016年第3季,5.715,公噸,0,公噸,0,公噸,0,公噸,核算確認中
H45B5014,新禾彩藝工業股份有限公司楊梅廠,2016年第3季,34.01,公噸,0,公噸,0,公噸,0,公噸,核算確認中
H45B4997,昶昱塑膠企業股份有限公司,2016年第3季,4.16,公噸,0,公噸,0,公噸,0,公噸,核算確認中
H45B4987,旭申國際科技股份有限公司一廠,2016年第3季,0.063,公噸,0,公噸,0,公噸,0,公噸,完成核算
H45B4838,台灣勵遠股份有限公司,2016年第3季,12.667,公噸,0,公噸,0,公噸,0,公噸,核算確認中
H45B4135,冠格科技股份有限公司,2016年第3季,3.828,公噸,0,公噸,0,公噸,0,公噸,核算確認中
H45A7350,國高紙品股份有限公司楊梅廠,2016年第3季,5.027,公噸,0,公噸,0,公噸,0,公噸,核算確認中
H44A0072,廣全印刷股份有限公司,2016年第3季,3.404,公噸,0,公噸,0,公噸,0,公噸,核算確認中
H4406900,全蓬實業股份有限公司,2016年第3季,6.136,公噸,0,公噸,0,公噸,0,公噸,核算確認中
H43D0870,台灣第一包裝企業有限公司,2016年第3季,5.088,公噸,0,公噸,0,公噸,0,公噸,核算確認中
H43B6290,宏揚環保工程有限公司,2016年第3季,0.012,公噸,0,公噸,0,公噸,0,公噸,完成核算
H43A0344,東亞彩藝股份有限公司,2016年第3季,50.027,公噸,0,公噸,0,公噸,0,公噸,核算確認中
H4310696,百利通亞陶科技股份有限公司,2016年第3季,1.48,公噸,0,公噸,0,公噸,0,公噸,完成核算
H4305051,台灣東洋藥品工業股份有限公司中壢廠,2016年第3季,0.003,公噸,0,公噸,0.57,公噸,0.395,公噸,完成核算
H42C0155,宏泰塑膠廠,2016年第3季,0.714,公噸,0,公噸,0,公噸,0,公噸,核算確認中
H42B9942,錫安包裝實業有限公司,2016年第3季,4.498,公噸,0,公噸,0,公噸,0.003,公噸,完成核算
H4211983,台灣立凱電能科技股份有限公司,2016年第3季,0.787,公噸,0,公噸,0,公噸,0,公噸,完成核算
G32A2388,天宥興業有限公司武荖坑廠,2016年第3季,0,公噸,0.015,公噸,0,公噸,0,公噸,完成申報
F23A3770,海聖股份有限公司八里廠,2016年第3季,0,公噸,0,公噸,0.513,公噸,0.356,公噸,完成核算
E56B1498,環球橡膠股份有限公司小港廠,2016年第3季,7.346,公噸,0.015,公噸,0.228,公噸,1.774,公噸,完成核算
E5602309,隆洋遊艇工業股份有限公司,2016年第3季,1.892,公噸,0,公噸,0,公噸,0,公噸,完成核算
E54A3308,明安國際企業股份有限公司高加二廠,2016年第3季,0.011,公噸,0,公噸,0,公噸,0,公噸,完成核算
E4900879,台灣福雷電子股份有限公司,2016年第3季,1.052,公噸,0,公噸,0,公噸,0,公噸,完成核算
E3401000,興臺實業股份有限公司,2016年第3季,41.395,公噸,0,公噸,0,公噸,0,公噸,完成核算
E20A2665,君耀電子股份有限公司高雄分公司,2016年第3季,0.01,公噸,0,公噸,0,公噸,0.002,公噸,完成核算
E1604709,朝宇航太科技股份有限公司二廠,2016年第3季,0.281,公噸,0,公噸,0,公噸,0,公噸,完成核算
B9800277,智邦材料股份有限公司,2016年第3季,0.542,公噸,0,公噸,0,公噸,0,公噸,完成核算
B9502829,綠茵生技股份有限公司,2016年第3季,0,公噸,0,公噸,0,公噸,0.004,公噸,完成核算
B9502678,萬豪工業有限公司,2016年第3季,0.254,公噸,0,公噸,0,公噸,0,公噸,完成核算
B9500978,優貝克材料股份有限公司,2016年第3季,0.672,公噸,0,公噸,0,公噸,0,公噸,完成核算
B9403849,貿多實業有限公司,2016年第3季,0.011,公噸,0,公噸,0,公噸,0,公噸,完成核算
B9302276,富國興業股份有限公司,2016年第3季,1.74,公噸,0,公噸,0,公噸,0,公噸,完成核算
B9203554,愛爾蘭商意利股份有限公司台灣分公司,2016年第3季,0.005,公噸,0,公噸,0,公噸,0,公噸,完成核算
B9203545,宏威食品有限公司,2016年第3季,0,公噸,0,公噸,0,公噸,0.001,公噸,完成核算
B9203536,峻甫企業有限公司二廠,2016年第3季,0.012,公噸,0,公噸,0,公噸,0,公噸,完成核算
B9203509,永太工業社,2016年第3季,0.001,公噸,0,公噸,0,公噸,0,公噸,完成核算
B9203107,僑芳賓館,2016年第3季,0,公噸,0,公噸,0,公噸,0.002,公噸,完成核算
B9201461,日紳食品有限公司,2016年第3季,0,公噸,0,公噸,0.062,公噸,0.064,公噸,完成核算
B8903804,禾壹塑膠製品廠,2016年第3季,0.02,公噸,0,公噸,0,公噸,0,公噸,完成核算
B8903797,志森塑膠複合材料有限公司,2016年第3季,0.168,公噸,0,公噸,0,公噸,0,公噸,完成核算
B8803336,茂華展業有限公司大甲分公司,2016年第3季,0,公噸,0,公噸,0,公噸,0.006,公噸,完成核算
B8700858,宏毅興業股份有限公司,2016年第3季,0.885,公噸,0,公噸,0,公噸,0,公噸,完成核算
B8606300,名仁國際股份有限公司豐原廠,2016年第3季,0.059,公噸,0,公噸,0,公噸,0,公噸,完成核算
B8606293,佳得塑膠工廠,2016年第3季,0.006,公噸,0,公噸,0,公噸,0,公噸,完成核算
B8606284,順發興業股份有限公司,2016年第3季,0.016,公噸,0,公噸,0,公噸,0,公噸,完成核算
B8606239,大亨利國際開發股份有限公司豐原廠,2016年第3季,0.013,公噸,0,公噸,0,公噸,0,公噸,完成核算
B8605107,華盛林股份有限公司,2016年第3季,0.017,公噸,0,公噸,0,公噸,0,公噸,完成核算
B25B7618,好勝地汽車旅館,2016年第3季,0,公噸,0,公噸,0,公噸,0.002,公噸,完成核算
B2407732,森宙工業股份有限公司,2016年第3季,0.185,公噸,0,公噸,0.367,公噸,0.249,公噸,完成核算
B23C0778,璽朵汽車旅館,2016年第3季,0,公噸,0,公噸,0,公噸,0.01,公噸,完成核算
B23A6762,信元製藥股份有限公司,2016年第3季,0.018,公噸,0,公噸,0,公噸,0.002,公噸,完成核算
B23A5229,鐿鈦科技股份有限公司,2016年第3季,0.001,公噸,0,公噸,0,公噸,0.001,公噸,完成核算
B2313066,台中市生命禮儀管理處東海館,2016年第3季,0,公噸,0,公噸,0,公噸,0.224,公噸,完成核算
B19A4792,社團法人中華民國軍人之友社台中市軍人服務站,2016年第3季,0,公噸,0,公噸,0,公噸,0.006,公噸,完成核算
B19A2726,泉億科技企業社,2016年第3季,0.039,公噸,0,公噸,0,公噸,0,公噸,完成核算
B1907000,龍華電器工廠,2016年第3季,0.006,公噸,0,公噸,0,公噸,0,公噸,完成核算
B0600208,黎都大旅社,2016年第3季,0,公噸,0,公噸,0,公噸,0.001,公噸,完成核算
B0600146,儷野大飯店,2016年第3季,0,公噸,0,公噸,0,公噸,0.065,公噸,完成核算
B0508227,聯誠彩色文化實業有限公司,2016年第3季,0.011,公噸,0,公噸,0,公噸,0,公噸,完成核算
B0508218,銘安科技股份有限公司,2016年第3季,0.022,公噸,0,公噸,0,公噸,0,公噸,完成核算
B0508147,品茂塑膠工業股份有限公司三廠,2016年第3季,0.024,公噸,0,公噸,0,公噸,0,公噸,完成核算
B0508138,坤隆行實業股份有限公司二廠,2016年第3季,0.023,公噸,0,公噸,0,公噸,0,公噸,完成核算
B0508110,合泰金屬有限公司,2016年第3季,0.633,公噸,0,公噸,0,公噸,0,公噸,完成核算
B0500972,品茂塑膠工業股份有限公司二廠,2016年第3季,0.213,公噸,0,公噸,0,公噸,0,公噸,完成核算
B0204457,鑫富工業社,2016年第3季,0.024,公噸,0,公噸,0,公噸,0,公噸,完成核算
B0201410,凱力實業股份有限公司,2016年第3季,0.006,公噸,0,公噸,0,公噸,0,公噸,完成核算
B0004680,先捷實業股份有限公司,2016年第3季,0.08,公噸,0,公噸,0,公噸,0,公噸,完成核算
B0004671,賓錡工業有限公司,2016年第3季,0.024,公噸,0,公噸,0.034,公噸,0.003,公噸,完成核算
S2305764,白紗科技印刷股份有限公司高雄廠,2016年第2季,0.613,公噸,0,公噸,0,公噸,0,公噸,完成核算
S2007727,高雄市農會生物製藥廠,2016年第2季,0.109,公噸,0,公噸,0,公噸,0,公噸,完成核算
S2002884,台灣弼奧股份有限公司,2016年第2季,2.301,公噸,0,公噸,0,公噸,0,公噸,完成核算
S1666875,長亨精密股份有限公司本洲廠,2016年第2季,0,公噸,0,公噸,0,公噸,0,公噸,完成申報
P6204385,湯禮仲屠宰場,2016年第2季,0,公噸,0,公噸,0.05,公噸,0.035,公噸,完成核算
N29A2178,金億昇實業股份有限公司,2016年第2季,0.125,公噸,0,公噸,0,公噸,0,公噸,完成核算
N19A2382,全維企業有限公司,2016年第2季,0.002,公噸,0,公噸,0,公噸,0,公噸,完成核算
L9803532,明大化學製藥股份有限公司,2016年第2季,0,公噸,0,公噸,0,公噸,0.001,公噸,完成核算
L9502021,慶昇企業社,2016年第2季,0,公噸,0,公噸,0,公噸,0.002,公噸,完成核算
L9405750,健豐泡綿股份有限公司,2016年第2季,0.853,公噸,0,公噸,0,公噸,0,公噸,完成核算
L9307071,和昂實業有限公司,2016年第2季,0,公噸,0,公噸,0,公噸,0,公噸,完成核算
L9306305,歆錡科技股份有限公司,2016年第2季,0.36,公噸,0,公噸,0,公噸,0,公噸,完成核算
L91A0025,宇隆科技股份有限公司,2016年第2季,1.521,公噸,0,公噸,0,公噸,0,公噸,完成核算
L88A0254,百歐仕科研股份有限公司,2016年第2季,0.641,公噸,0,公噸,0,公噸,0.019,公噸,完成核算
L8603289,長信金屬工業(股)公司,2016年第2季,0.001,公噸,0,公噸,0,公噸,0,公噸,完成核算
L0504510,興展企業有限公司,2016年第2季,0.017,公噸,0,公噸,0,公噸,0,公噸,完成核算
L0411985,同福沛特有限公司,2016年第2季,0.471,公噸,0,公噸,0,公噸,0,公噸,完成核算
L0411127,晶美工業有限公司,2016年第2季,0.546,公噸,0,公噸,0.001,公噸,0.019,公噸,完成核算
L0408577,明緻工業有限公司,2016年第2季,0.23,公噸,0,公噸,0,公噸,0,公噸,完成核算
L0401845,大漢電鍍工業(股)有限公司,2016年第2季,0.3,公噸,0,公噸,0,公噸,0,公噸,完成核算
L0000400,歌美時企業股份有限公司,2016年第2季,0,公噸,0,公噸,0,公噸,0,公噸,完成核算
J58A5851,千禧園股份有限公司,2016年第2季,0,公噸,0,公噸,0,公噸,0.014,公噸,完成核算
J58A5336,民昇真空科技有限公司,2016年第2季,0.034,公噸,0,公噸,0,公噸,0,公噸,完成核算
H5308190,嵩鎰企業股份有限公司,2016年第2季,0.57,公噸,0,公噸,0,公噸,0,公噸,核算確認中
H52A5333,正盟綜合包材股份有限公司,2016年第2季,29.205,公噸,0,公噸,0,公噸,0,公噸,核算確認中
H51B3567,正升包裝材料有限公司,2016年第2季,22.06,公噸,0,公噸,0,公噸,0,公噸,核算確認中
H5007205,詠吉彩藝工業股份有限公司龍潭廠,2016年第2季,105.868,公噸,0,公噸,0,公噸,0,公噸,核算確認中
H49B3454,雞大王股份有限公司,2016年第2季,0,公噸,0,公噸,0.247,公噸,0.171,公噸,完成核算
H49B2931,華泰彩藝工業股份有限公司,2016年第2季,6.055,公噸,0,公噸,0,公噸,0,公噸,核算確認中
H49A0849,元德有限公司八德廠,2016年第2季,5.386,公噸,0,公噸,0,公噸,0,公噸,核算確認中
H48B3845,瑞興工業股份有限公司二廠,2016年第2季,1.93,公噸,0,公噸,0,公噸,0,公噸,完成核算
H48B3786,力宇彩藝有限公司,2016年第2季,3.538,公噸,0,公噸,0,公噸,0,公噸,核算確認中
H46B5198,本源興股份有限公司,2016年第2季,6.253,公噸,0,公噸,0,公噸,0,公噸,核算確認中
H46B5029,喜美包裝企業股份有限公司,2016年第2季,5.449,公噸,0,公噸,0,公噸,0,公噸,核算確認中
H45B5014,新禾彩藝工業股份有限公司楊梅廠,2016年第2季,31.998,公噸,0,公噸,0,公噸,0,公噸,核算確認中
H45B4997,昶昱塑膠企業股份有限公司,2016年第2季,3.623,公噸,0,公噸,0,公噸,0,公噸,核算確認中
H45B4987,旭申國際科技股份有限公司一廠,2016年第2季,0.051,公噸,0,公噸,0,公噸,0,公噸,完成核算
H45B4838,台灣勵遠股份有限公司,2016年第2季,12.667,公噸,0,公噸,0,公噸,0,公噸,核算確認中
H45B4135,冠格科技股份有限公司,2016年第2季,1.028,公噸,0,公噸,0,公噸,0,公噸,核算確認中
H45A7350,國高紙品股份有限公司楊梅廠,2016年第2季,4.776,公噸,0,公噸,0,公噸,0,公噸,核算確認中
H44A0072,廣全印刷股份有限公司,2016年第2季,3.354,公噸,0,公噸,0,公噸,0,公噸,核算確認中
H4406900,全蓬實業股份有限公司,2016年第2季,5.206,公噸,0,公噸,0,公噸,0,公噸,核算確認中
H43D0870,台灣第一包裝企業有限公司,2016年第2季,4.666,公噸,0,公噸,0,公噸,0,公噸,核算確認中
H43B6290,宏揚環保工程有限公司,2016年第2季,0.01,公噸,0,公噸,0,公噸,0,公噸,完成核算
H43A0344,東亞彩藝股份有限公司,2016年第2季,58.762,公噸,0,公噸,0,公噸,0,公噸,核算確認中
H4305051,台灣東洋藥品工業股份有限公司中壢廠,2016年第2季,0.002,公噸,0,公噸,0.551,公噸,0.382,公噸,完成核算
H42C0155,宏泰塑膠廠,2016年第2季,0.711,公噸,0,公噸,0,公噸,0,公噸,核算確認中
F23A3770,海聖股份有限公司八里廠,2016年第2季,0,公噸,0,公噸,0.428,公噸,0.296,公噸,完成核算
E56B1498,環球橡膠股份有限公司小港廠,2016年第2季,9.029,公噸,0.021,公噸,0.173,公噸,1.063,公噸,完成核算
E5602309,隆洋遊艇工業股份有限公司,2016年第2季,1.226,公噸,0,公噸,0,公噸,0,公噸,完成核算
E54A3308,明安國際企業股份有限公司高加二廠,2016年第2季,0.011,公噸,0,公噸,0,公噸,0,公噸,完成核算
E4900879,台灣福雷電子股份有限公司,2016年第2季,1.282,公噸,0,公噸,0,公噸,0,公噸,完成核算
E3401000,興臺實業股份有限公司,2016年第2季,34.886,公噸,0,公噸,0,公噸,0,公噸,完成核算
E20A2665,君耀電子股份有限公司高雄分公司,2016年第2季,0.012,公噸,0,公噸,0,公噸,0.001,公噸,完成核算
E1604709,朝宇航太科技股份有限公司二廠,2016年第2季,1.29,公噸,0,公噸,0,公噸,0,公噸,完成核算
B9800277,智邦材料股份有限公司,2016年第2季,0.747,公噸,0,公噸,0,公噸,0,公噸,完成核算
B9502829,綠茵生技股份有限公司,2016年第2季,0,公噸,0,公噸,0,公噸,0.005,公噸,完成核算
B9502678,萬豪工業有限公司,2016年第2季,0.245,公噸,0,公噸,0,公噸,0,公噸,完成核算
B9500978,優貝克材料股份有限公司,2016年第2季,0.781,公噸,0,公噸,0,公噸,0,公噸,完成核算
B9403849,貿多實業有限公司,2016年第2季,0.015,公噸,0,公噸,0,公噸,0,公噸,完成核算
B9302276,富國興業股份有限公司,2016年第2季,1.1,公噸,0,公噸,0,公噸,0,公噸,完成核算
B9203554,愛爾蘭商意利股份有限公司台灣分公司,2016年第2季,0.002,公噸,0,公噸,0,公噸,0,公噸,完成核算
B9203545,宏威食品有限公司,2016年第2季,0,公噸,0,公噸,0,公噸,0.002,公噸,完成核算
B9203536,峻甫企業有限公司二廠,2016年第2季,0.012,公噸,0,公噸,0,公噸,0,公噸,完成核算
B9203509,永太工業社,2016年第2季,0.001,公噸,0,公噸,0,公噸,0,公噸,完成核算
B9203107,僑芳賓館,2016年第2季,0,公噸,0,公噸,0,公噸,0.002,公噸,完成核算
B9201461,日紳食品有限公司,2016年第2季,0,公噸,0,公噸,0.076,公噸,0.069,公噸,完成核算
B8903804,禾壹塑膠製品廠,2016年第2季,0.02,公噸,0,公噸,0,公噸,0,公噸,完成核算
B8903797,志森塑膠複合材料有限公司,2016年第2季,0.168,公噸,0,公噸,0,公噸,0,公噸,完成核算
B8803336,茂華展業有限公司大甲分公司,2016年第2季,0,公噸,0,公噸,0,公噸,0.006,公噸,完成核算
B8700858,宏毅興業股份有限公司,2016年第2季,0.968,公噸,0,公噸,0,公噸,0,公噸,完成核算
B8606300,名仁國際股份有限公司豐原廠,2016年第2季,0.059,公噸,0,公噸,0,公噸,0,公噸,完成核算
B8606293,佳得塑膠工廠,2016年第2季,0.007,公噸,0,公噸,0,公噸,0,公噸,完成核算
B8606284,順發興業股份有限公司,2016年第2季,0.016,公噸,0,公噸,0,公噸,0,公噸,完成核算
B8606239,大亨利國際開發股份有限公司豐原廠,2016年第2季,0.013,公噸,0,公噸,0,公噸,0,公噸,完成核算
B8605107,華盛林股份有限公司,2016年第2季,0.017,公噸,0,公噸,0,公噸,0,公噸,完成核算
B25B7618,好勝地汽車旅館,2016年第2季,0,公噸,0,公噸,0,公噸,0.003,公噸,完成核算
B2407732,森宙工業股份有限公司,2016年第2季,0.23,公噸,0,公噸,0.457,公噸,0.31,公噸,完成核算
B23C0778,璽朵汽車旅館,2016年第2季,0,公噸,0,公噸,0,公噸,0.004,公噸,完成核算
B23A6762,信元製藥股份有限公司,2016年第2季,0.006,公噸,0,公噸,0,公噸,0,公噸,完成核算
B23A5229,鐿鈦科技股份有限公司,2016年第2季,0.002,公噸,0,公噸,0,公噸,0,公噸,完成核算
B2313066,台中市生命禮儀管理處東海館,2016年第2季,0,公噸,0,公噸,0,公噸,0.227,公噸,完成核算
B19A4792,社團法人中華民國軍人之友社台中市軍人服務站,2016年第2季,0,公噸,0,公噸,0,公噸,0.008,公噸,完成核算
B19A2726,泉億科技企業社,2016年第2季,0.032,公噸,0,公噸,0,公噸,0,公噸,完成核算
B1907000,龍華電器工廠,2016年第2季,0.006,公噸,0,公噸,0,公噸,0,公噸,完成核算
B0600208,黎都大旅社,2016年第2季,0,公噸,0,公噸,0,公噸,0.001,公噸,完成核算
B0600146,儷野大飯店,2016年第2季,0,公噸,0,公噸,0,公噸,0.062,公噸,完成核算
B0508227,聯誠彩色文化實業有限公司,2016年第2季,0.011,公噸,0,公噸,0,公噸,0,公噸,完成核算
B0508147,品茂塑膠工業股份有限公司三廠,2016年第2季,0.012,公噸,0,公噸,0,公噸,0,公噸,完成核算
B0508138,坤隆行實業股份有限公司二廠,2016年第2季,0.026,公噸,0,公噸,0,公噸,0,公噸,完成核算
B0508110,合泰金屬有限公司,2016年第2季,0.376,公噸,0,公噸,0,公噸,0,公噸,完成核算
B0500972,品茂塑膠工業股份有限公司二廠,2016年第2季,0.213,公噸,0,公噸,0,公噸,0,公噸,完成核算
B0204457,鑫富工業社,2016年第2季,0.024,公噸,0,公噸,0,公噸,0,公噸,完成核算
B0201410,凱力實業股份有限公司,2016年第2季,0.006,公噸,0,公噸,0,公噸,0,公噸,完成核算
B0004680,先捷實業股份有限公司,2016年第2季,0.07,公噸,0,公噸,0,公噸,0,公噸,完成核算
B0004671,賓錡工業有限公司,2016年第2季,0.024,公噸,0,公噸,0.033,公噸,0.003,公噸,完成核算
S2305764,白紗科技印刷股份有限公司高雄廠,2016年第1季,0.654,公噸,0,公噸,0,公噸,0,公噸,完成核算
S2007727,高雄市農會生物製藥廠,2016年第1季,0.112,公噸,0,公噸,0,公噸,0,公噸,完成核算
S2002884,台灣弼奧股份有限公司,2016年第1季,4.602,公噸,0,公噸,0,公噸,0,公噸,完成核算
S1666875,長亨精密股份有限公司本洲廠,2016年第1季,0,公噸,0,公噸,0,公噸,0,公噸,完成申報
P6204385,湯禮仲屠宰場,2016年第1季,0,公噸,0,公噸,0.05,公噸,0.035,公噸,完成核算
N29A2178,金億昇實業股份有限公司,2016年第1季,0.208,公噸,0,公噸,0,公噸,0,公噸,完成核算
N19A2382,全維企業有限公司,2016年第1季,0.002,公噸,0,公噸,0,公噸,0,公噸,完成核算
L9803532,明大化學製藥股份有限公司,2016年第1季,0,公噸,0,公噸,0,公噸,0.002,公噸,完成核算
L9502021,慶昇企業社,2016年第1季,0,公噸,0,公噸,0,公噸,0.002,公噸,完成核算
L9405750,健豐泡綿股份有限公司,2016年第1季,0.689,公噸,0,公噸,0,公噸,0,公噸,完成核算
L9307071,和昂實業有限公司,2016年第1季,0,公噸,0,公噸,0,公噸,0,公噸,完成核算
L9306305,歆錡科技股份有限公司,2016年第1季,0.276,公噸,0,公噸,0,公噸,0,公噸,完成核算
L91A0025,宇隆科技股份有限公司,2016年第1季,1.372,公噸,0,公噸,0,公噸,0,公噸,完成核算
L88A0254,百歐仕科研股份有限公司,2016年第1季,0.323,公噸,0,公噸,0,公噸,0.006,公噸,完成核算
L8603289,長信金屬工業(股)公司,2016年第1季,0.001,公噸,0,公噸,0,公噸,0,公噸,完成核算
L0504510,興展企業有限公司,2016年第1季,0.017,公噸,0,公噸,0,公噸,0,公噸,完成核算
L0411985,同福沛特有限公司,2016年第1季,0.276,公噸,0,公噸,0,公噸,0,公噸,完成核算
L0411127,晶美工業有限公司,2016年第1季,0.546,公噸,0,公噸,0.001,公噸,0.019,公噸,完成核算
L0408577,明緻工業有限公司,2016年第1季,0.28,公噸,0,公噸,0,公噸,0,公噸,完成核算
L0401845,大漢電鍍工業(股)有限公司,2016年第1季,0.195,公噸,0,公噸,0,公噸,0,公噸,完成核算
L0000400,歌美時企業股份有限公司,2016年第1季,0,公噸,0,公噸,0,公噸,0,公噸,完成核算
J58A5851,千禧園股份有限公司,2016年第1季,0,公噸,0,公噸,0,公噸,0.018,公噸,完成核算
J58A5336,民昇真空科技有限公司,2016年第1季,0.051,公噸,0,公噸,0,公噸,0,公噸,完成核算
H5308190,嵩鎰企業股份有限公司,2016年第1季,0.734,公噸,0,公噸,0,公噸,0,公噸,核算確認中
H52A5333,正盟綜合包材股份有限公司,2016年第1季,24.421,公噸,0,公噸,0,公噸,0,公噸,核算確認中
H51B3567,正升包裝材料有限公司,2016年第1季,18.273,公噸,0,公噸,0,公噸,0,公噸,核算確認中
H5007205,詠吉彩藝工業股份有限公司龍潭廠,2016年第1季,34.916,公噸,0,公噸,0,公噸,0,公噸,核算確認中
H49B3454,雞大王股份有限公司,2016年第1季,0,公噸,0,公噸,0.196,公噸,0.136,公噸,完成核算
H49B2931,華泰彩藝工業股份有限公司,2016年第1季,6.097,公噸,0,公噸,0,公噸,0,公噸,核算確認中
H49A0849,元德有限公司八德廠,2016年第1季,5.183,公噸,0,公噸,0,公噸,0,公噸,核算確認中
H48B3845,瑞興工業股份有限公司二廠,2016年第1季,2.062,公噸,0,公噸,0,公噸,0,公噸,完成核算
H48B3786,力宇彩藝有限公司,2016年第1季,3.568,公噸,0,公噸,0,公噸,0,公噸,核算確認中
H46B5198,本源興股份有限公司,2016年第1季,9.432,公噸,0,公噸,0,公噸,0,公噸,核算確認中
H46B5029,喜美包裝企業股份有限公司,2016年第1季,4.841,公噸,0,公噸,0,公噸,0,公噸,核算確認中
H45B5014,新禾彩藝工業股份有限公司楊梅廠,2016年第1季,29.242,公噸,0,公噸,0,公噸,0,公噸,核算確認中
H45B4997,昶昱塑膠企業股份有限公司,2016年第1季,2.289,公噸,0,公噸,0,公噸,0,公噸,核算確認中
H45B4987,旭申國際科技股份有限公司一廠,2016年第1季,0.037,公噸,0,公噸,0,公噸,0,公噸,完成核算
H45B4838,台灣勵遠股份有限公司,2016年第1季,12.667,公噸,0,公噸,0,公噸,0,公噸,核算確認中
H45B4135,冠格科技股份有限公司,2016年第1季,2.632,公噸,0,公噸,0,公噸,0,公噸,核算確認中
H45A7350,國高紙品股份有限公司楊梅廠,2016年第1季,4.408,公噸,0,公噸,0,公噸,0,公噸,核算確認中
H44A0072,廣全印刷股份有限公司,2016年第1季,3.832,公噸,0,公噸,0,公噸,0,公噸,核算確認中
H4406900,全蓬實業股份有限公司,2016年第1季,3.347,公噸,0,公噸,0,公噸,0,公噸,核算確認中
H43D0870,台灣第一包裝企業有限公司,2016年第1季,4.143,公噸,0,公噸,0,公噸,0,公噸,核算確認中
H43B6290,宏揚環保工程有限公司,2016年第1季,0.003,公噸,0,公噸,0,公噸,0,公噸,完成核算
H43A0344,東亞彩藝股份有限公司,2016年第1季,35.691,公噸,0,公噸,0,公噸,0,公噸,核算確認中
H4305051,台灣東洋藥品工業股份有限公司中壢廠,2016年第1季,0.004,公噸,0,公噸,0.475,公噸,0.329,公噸,完成核算
H42C0155,宏泰塑膠廠,2016年第1季,0.711,公噸,0,公噸,0,公噸,0,公噸,核算確認中
F23A3770,海聖股份有限公司八里廠,2016年第1季,0,公噸,0,公噸,0.598,公噸,0.415,公噸,完成核算
E56B1498,環球橡膠股份有限公司小港廠,2016年第1季,7.679,公噸,0.019,公噸,0.6,公噸,1.117,公噸,完成核算
E5602309,隆洋遊艇工業股份有限公司,2016年第1季,2.468,公噸,0,公噸,0,公噸,0,公噸,完成核算
E54A3308,明安國際企業股份有限公司高加二廠,2016年第1季,0.06,公噸,0,公噸,0,公噸,0,公噸,完成核算
E4900879,台灣福雷電子股份有限公司,2016年第1季,1.004,公噸,0,公噸,0,公噸,0,公噸,完成核算
E3401000,興臺實業股份有限公司,2016年第1季,43.952,公噸,0,公噸,0,公噸,0,公噸,完成核算
E20A2665,君耀電子股份有限公司高雄分公司,2016年第1季,0.016,公噸,0,公噸,0,公噸,0.003,公噸,完成核算
E1604709,朝宇航太科技股份有限公司二廠,2016年第1季,0.457,公噸,0,公噸,0,公噸,0,公噸,完成核算
B9800277,智邦材料股份有限公司,2016年第1季,0.542,公噸,0,公噸,0,公噸,0,公噸,完成核算
B9502829,綠茵生技股份有限公司,2016年第1季,0,公噸,0,公噸,0,公噸,0.004,公噸,完成核算
B9502678,萬豪工業有限公司,2016年第1季,0.196,公噸,0,公噸,0,公噸,0,公噸,完成核算
B9500978,優貝克材料股份有限公司,2016年第1季,0.496,公噸,0,公噸,0,公噸,0,公噸,完成核算
B9403849,貿多實業有限公司,2016年第1季,0.011,公噸,0,公噸,0,公噸,0,公噸,完成核算
B9302276,富國興業股份有限公司,2016年第1季,1.32,公噸,0,公噸,0,公噸,0,公噸,完成核算
B9203554,愛爾蘭商意利股份有限公司台灣分公司,2016年第1季,0,公噸,0,公噸,0,公噸,0,公噸,完成核算
B9203545,宏威食品有限公司,2016年第1季,0,公噸,0,公噸,0,公噸,0.002,公噸,完成核算
B9203536,峻甫企業有限公司二廠,2016年第1季,0.012,公噸,0,公噸,0,公噸,0,公噸,完成核算
B9203509,永太工業社,2016年第1季,0.001,公噸,0,公噸,0,公噸,0,公噸,完成核算
B9203107,僑芳賓館,2016年第1季,0,公噸,0,公噸,0,公噸,0.002,公噸,完成核算
B9201461,日紳食品有限公司,2016年第1季,0,公噸,0,公噸,0.062,公噸,0.062,公噸,完成核算
B8903804,禾壹塑膠製品廠,2016年第1季,0.02,公噸,0,公噸,0,公噸,0,公噸,完成核算
B8903797,志森塑膠複合材料有限公司,2016年第1季,0.168,公噸,0,公噸,0,公噸,0,公噸,完成核算
B8803336,茂華展業有限公司大甲分公司,2016年第1季,0,公噸,0,公噸,0,公噸,0.006,公噸,完成核算
B8700858,宏毅興業股份有限公司,2016年第1季,0.832,公噸,0,公噸,0,公噸,0,公噸,完成核算
B8606300,名仁國際股份有限公司豐原廠,2016年第1季,0.059,公噸,0,公噸,0,公噸,0,公噸,完成核算
B8606293,佳得塑膠工廠,2016年第1季,0.007,公噸,0,公噸,0,公噸,0,公噸,完成核算
B8606284,順發興業股份有限公司,2016年第1季,0.016,公噸,0,公噸,0,公噸,0,公噸,完成核算
B8606239,大亨利國際開發股份有限公司豐原廠,2016年第1季,0.013,公噸,0,公噸,0,公噸,0,公噸,完成核算
B8605107,華盛林股份有限公司,2016年第1季,0.017,公噸,0,公噸,0,公噸,0,公噸,完成核算
B25B7618,好勝地汽車旅館,2016年第1季,0,公噸,0,公噸,0,公噸,0.004,公噸,完成核算
B2407732,森宙工業股份有限公司,2016年第1季,0.212,公噸,0,公噸,0.421,公噸,0.286,公噸,完成核算
B23C0778,璽朵汽車旅館,2016年第1季,0,公噸,0,公噸,0,公噸,0.027,公噸,完成核算
B23A6762,信元製藥股份有限公司,2016年第1季,0.008,公噸,0,公噸,0,公噸,0,公噸,完成核算
B23A5229,鐿鈦科技股份有限公司,2016年第1季,0.002,公噸,0,公噸,0,公噸,0.001,公噸,完成核算
B2313066,台中市生命禮儀管理處東海館,2016年第1季,0,公噸,0,公噸,0,公噸,0.227,公噸,完成核算
B19A4792,社團法人中華民國軍人之友社台中市軍人服務站,2016年第1季,0,公噸,0,公噸,0,公噸,0.013,公噸,完成核算
B19A2726,泉億科技企業社,2016年第1季,0.017,公噸,0,公噸,0,公噸,0,公噸,完成核算
B1907000,龍華電器工廠,2016年第1季,0.006,公噸,0,公噸,0,公噸,0,公噸,完成核算
B0600208,黎都大旅社,2016年第1季,0,公噸,0,公噸,0,公噸,0.001,公噸,完成核算
B0600146,儷野大飯店,2016年第1季,0,公噸,0,公噸,0.001,公噸,0.145,公噸,完成核算
B0508227,聯誠彩色文化實業有限公司,2016年第1季,0.011,公噸,0,公噸,0,公噸,0,公噸,完成核算
B0508147,品茂塑膠工業股份有限公司三廠,2016年第1季,0.012,公噸,0,公噸,0,公噸,0,公噸,完成核算
B0508138,坤隆行實業股份有限公司二廠,2016年第1季,0.025,公噸,0,公噸,0,公噸,0,公噸,完成核算
B0508110,合泰金屬有限公司,2016年第1季,0.277,公噸,0,公噸,0,公噸,0,公噸,完成核算
B0500972,品茂塑膠工業股份有限公司二廠,2016年第1季,0.201,公噸,0,公噸,0,公噸,0,公噸,完成核算
B0204457,鑫富工業社,2016年第1季,0.02,公噸,0,公噸,0,公噸,0,公噸,完成核算
B0201410,凱力實業股份有限公司,2016年第1季,0.006,公噸,0,公噸,0,公噸,0,公噸,完成核算
B0004680,先捷實業股份有限公司,2016年第1季,0.052,公噸,0,公噸,0,公噸,0,公噸,完成核算
B0004671,賓錡工業有限公司,2016年第1季,0.029,公噸,0,公噸,0.042,公噸,0.004,公噸,完成核算
S2305764,白紗科技印刷股份有限公司高雄廠,2015年第4季,0.562,公噸,0,公噸,0,公噸,0,公噸,完成核算
S2007727,高雄市農會生物製藥廠,2015年第4季,0.007,公噸,0,公噸,0,公噸,0,公噸,完成核算
S2002884,台灣弼奧股份有限公司,2015年第4季,6.903,公噸,0,公噸,0,公噸,0,公噸,完成核算
S1666875,長亨精密股份有限公司本洲廠,2015年第4季,0,公噸,0,公噸,0,公噸,0,公噸,完成申報
P6204385,湯禮仲屠宰場,2015年第4季,0,公噸,0,公噸,0.05,公噸,0.035,公噸,完成核算
N29A2178,金億昇實業股份有限公司,2015年第4季,0.192,公噸,0,公噸,0,公噸,0,公噸,完成核算
N19A2382,全維企業有限公司,2015年第4季,0.002,公噸,0,公噸,0,公噸,0,公噸,完成核算
L9803532,明大化學製藥股份有限公司,2015年第4季,0,公噸,0,公噸,0,公噸,0.002,公噸,完成核算
